,uuid,amplitude_distance,phase_distance,sum_ap_distance,sphere_diameter_nm,sphere_pdi,processes_status
0,770a433d-0480-4cee-bf12-ce066c24db55,1.07961002527149,0.4074514227631183,1.4870614480346083,47.47416096827294,0.5911719746635262,success
1,fed3ab35-04e9-4916-8527-8627191a3bdc,0.4741131494896274,0.17753993414005936,0.6516530836296868,107.45964297412084,0.13238281775803734,success
2,4ab46dcc-3395-4e7b-bb87-52e805e12abb,0.9794128218435959,0.5400223793633144,1.5194352012069103,66.70955587438611,0.9999999999972168,success
3,23850c30-c572-41ad-abf0-7e1bd4fa7397,1.1764890310578153,0.4450892571613868,1.6215782882192022,21.50092548717238,0.5596683638320946,success
4,96ef6012-d812-4975-8b77-8ed7e78669fb,1.0032744598458416,0.5202165008189303,1.523490960664772,67.30737531011968,0.5676664442118949,success
5,d03dab18-5712-44f7-9334-14047212632e,,,,,,failed
6,a180d359-a229-4b3e-a615-2991fd549f42,1.0351569268708647,0.5155803811383333,1.550737308009198,100.92297684631657,0.7229702453654127,success
7,ef17f542-90a3-44a8-a6b8-acb920953fab,0.8068979210506357,0.41879408075972024,1.2256920018103559,85.80864395508446,0.6581028803203814,success
8,e0368e49-ecc3-4ebf-9a19-4e942c829517,1.028272954526955,0.5366588222952428,1.5649317768221978,102.91954498579624,0.7492563216860753,success
9,4d5fd07b-987b-49df-b4ba-54d2a337d945,,,,,,failed
10,6b50a94f-b7f2-402e-a210-e89f507b8861,1.4044509919075412,0.5635303294124221,1.9679813213199633,77.33928268775806,0.6309382416635361,success
11,657e707f-abc9-4f86-ae1e-9e59efb6e1f9,,,,,,failed
12,0e6edb88-77c3-4984-a38d-198341bba9e1,0.9328133331440207,0.5720138724619775,1.5048272056059981,93.46348897106233,0.7179995156180334,success
13,32ec16b1-c5b5-4d8b-b396-cd1ad4b740d9,1.0756011250195852,0.40111621328086416,1.4767173383004493,55.53847459085036,0.49037555511882003,success
14,a4d8a8f6-2654-490f-b14a-02d3fb1f94b2,0.9415244828427013,0.6538516876179494,1.5953761704606508,95.59481487010206,0.720053195872806,success
15,3584700a-8b01-4e59-a53a-1300fd3fac0a,0.9180219056999096,0.46781675039974246,1.385838656099652,96.63182859873368,0.7043638135061605,success
16,fa1dfc55-e5e0-4514-a66a-e29a5351518a,1.8328008452885405,0.6335930664657637,2.466393911754304,77.40994621753525,0.6343697517341421,success
17,68831f53-4a51-4f12-b385-10c50c8fab46,1.091741202174454,0.541297482132687,1.633038684307141,94.82855683181945,0.6952533253535425,success
18,4bec4e18-80bb-44d9-8508-cc464f14b287,0.7223245154313936,0.5676822781233972,1.2900067935547908,73.26238077017138,0.9999999999999956,success
19,41414be7-3e27-4b4d-b70e-e31d54a733d3,1.3708541224913748,0.43986391152348536,1.8107180340148603,13.756148030179697,0.4458379495690773,success
20,81f8f6c2-0e42-4680-bc11-c0be02bfd641,1.0448240010040795,0.6158754737990079,1.6606994748030872,88.14508845059541,0.7058236092855514,success
21,47d95862-b511-4a42-b8b1-961b605f26a3,0.8843202160974261,0.37716646480953375,1.2614866809069598,59.08311252911553,0.5362575144008612,success
22,6abcfcc8-cf8d-4a5e-a92f-f3afd8023fbd,1.1605008105528878,0.5751905659380556,1.7356913764909434,91.71148937858456,0.7046168438252012,success
23,89b8593e-8436-4dfb-8430-1367d273cbc2,0.8791593462867798,0.3572078623643369,1.2363672086511168,118.81473834619983,0.2595049283713595,success
24,8559907a-1b27-4673-ae0e-602b83d86deb,1.3036533573267746,0.47339264526464037,1.777046002591415,25.853177111766307,0.2480709820614767,success
25,fe8e4a28-cb6b-4396-adc3-a51f49838d54,1.363966163175561,0.45198913913652816,1.8159553023120893,15.084977107415034,0.46516824669957024,success
26,b683d769-9cd7-454a-b546-4e86afe5e3f4,0.9828933770871573,0.4677854309969518,1.450678808084109,96.17688105171476,0.7260936832162548,success
27,1c809d50-4605-4865-aa13-13649203ede8,1.2367581177064522,0.595571398855652,1.8323295165621043,87.70654542333608,0.691417535550259,success
28,f5e32498-0689-4e74-9a45-9c17edf776b9,1.0367347049715148,0.4534161829884121,1.4901508879599268,78.44809465051871,0.9999999999992168,success
29,403cbac3-a2e0-44f0-aca4-9313b8775a4e,0.7856557749486369,0.5410933476044919,1.326749122553129,93.03930130817612,0.6909961258501751,success
30,a6974af8-5b2d-431a-94df-d35c0be3ee54,1.094172911599814,0.5979680841446386,1.6921409957444526,90.45085735458761,0.6966093137031056,success
31,289532b3-a4c8-4db7-93ff-9edc14d5d2c8,1.0306188603230082,0.4575875545264531,1.4882064148494614,96.85225431216182,0.7255104343484149,success
32,1edc0740-a22f-4216-bd49-d80627b2fb63,1.0255342664788878,0.446720454555192,1.4722547210340797,150.10092408167174,0.30646657900976454,success
33,1e52819b-5c95-48c2-8f70-d460a28eff49,1.0197499382027044,0.635687042069724,1.6554369802724285,89.49361772427783,0.7014142161257277,success
34,0d339e3d-c04d-4f61-8cb0-2fd1f18006e9,1.0216142393824825,0.48195758737569144,1.503571826758174,70.24407221268629,0.9999999999991377,success
35,a9ad98c9-82d7-4c69-851e-56ddb16bd5f5,1.0171272662399005,0.5023581267177498,1.5194853929576504,102.52441709868972,0.7321574296427295,success
36,48117328-d486-4f9f-96ab-b0034fe30cd5,0.958044590115025,0.4141078669361939,1.372152457051219,148.45172408364388,0.18409529218414825,success
37,c2755e87-75e2-48c6-b27a-739971d1775c,1.039897309092386,0.43687386820509355,1.4767711772974796,104.83519849776717,0.747535200682335,success
38,fedab157-3d87-4f8b-b09b-590c966aa0ba,0.9201358226320381,0.48053818736885223,1.4006740100008903,101.5085591651404,0.7206992494872633,success
39,f59733f7-c03c-4712-934e-fb6ea464b604,0.7914097735645889,0.493978820727685,1.2853885942922738,70.27464036450392,0.9999999999993889,success
40,ecc20fb9-daca-4f65-97ce-f1329696f7ec,0.7458735752079448,0.4392792945681837,1.1851528697761284,70.91176759167179,0.9999999999997198,success
41,3ae01d8c-6757-4aa4-8701-a4f231f6a81c,1.0374244627618112,0.43897362246664323,1.4763980852284544,99.8604250533009,0.7383733603914038,success
42,48c60f84-a45b-4017-9430-12b3234fdc0e,0.7999430372949168,0.5461067582439917,1.3460497955389084,82.43245150577961,0.6612752481908926,success
43,2a0a2e87-67a7-401a-943d-423159a4a939,1.0263263073571058,0.6156165097067532,1.641942817063859,93.5950843223125,0.6992177311416425,success
44,43cd6089-f940-463f-bd40-a1f2bf168f67,1.0810386751410883,0.45255836910429886,1.5335970442453872,102.14590799552529,0.7424762689115191,success
45,9b9c349b-8f9d-4f0c-829c-fa99e67e90fb,0.9532858179615621,0.5846079269046948,1.5378937448662569,96.17425049027898,0.7083835549876758,success
46,ff3ac045-3c39-4fb0-b2c9-bf69d7600548,,,,,,failed
47,5452fa4a-b64c-46d7-ace2-bf1b31afc3b3,,,,,,failed
48,9aed2e5c-7127-46bd-8331-51407d127d8f,1.0010560915030922,0.4763733177574904,1.4774294092605826,95.34129809175595,0.6965291969773229,success
49,5edc0763-1f2c-44f2-bf68-db785ae258b0,1.6498357875104286,0.783951975307381,2.4337877628178095,265.66365469123525,0.17653636989336705,success
50,320cdd85-691d-48fb-9eac-d27b2fc5e5f5,1.0010574822931613,0.40181608321335616,1.4028735655065174,98.10238658342762,0.4203160117337126,success
51,bf04b495-3291-4508-a497-e6d96dc52362,0.9263692317260235,0.3928776585466825,1.319246890272706,127.18605988013242,0.38114688867057267,success
52,649ddf37-37fe-4a30-896b-010286133a28,,,,,,failed
53,5175dc78-a900-486e-8b14-6b0441555fe2,1.2485551097099408,0.6254765743876618,1.8740316840976026,85.9259268509583,0.6744191774130518,success
54,2a988138-57f5-40bf-851c-3df09f642f05,1.0414090728618373,0.43934703062296737,1.4807561034848047,105.1904711237983,0.7892212264284224,success
55,9694a191-11f7-482c-bb4c-e119489126a4,0.8903773011702324,0.5784194466907401,1.4687967478609725,97.18573019986438,0.7181814424774056,success
56,a9d67fc5-2e59-4f51-a904-9cac957c9e73,0.9669013452436219,0.37262830315770107,1.339529648401323,77.68417925717645,0.3751200170027014,success
57,2027f32f-4921-4edd-95bb-849ab8220e8c,1.0309896445479456,0.557341514886739,1.5883311594346847,94.61465598973612,0.7127626265277962,success
58,f5458994-6b3e-4176-9427-7cef2bb6c7d5,1.0138233120064113,0.4387767190186804,1.4526000310250917,146.47715974472558,0.25886038441732195,success
59,5d67ff81-9548-4a2f-9496-5d3c3c25b3eb,1.378141756203735,0.5650756087258856,1.9432173649296205,68.08122949962001,0.5816527690582165,success
60,f4b66637-2c73-4d0b-83ba-3f7e3b3f3c06,0.869280146683679,0.4517919938571507,1.3210721405408297,74.55090264757254,0.9999999999999629,success
61,56898b1b-5aed-4595-ade6-5b73d45a7808,1.1469538667673447,0.5616009528058565,1.7085548195732012,89.39168144937014,0.6850354589823258,success
62,f2e85141-9985-49ff-a6bc-17e2ecbcdc8b,,,,,,failed
63,7c4bcab3-4ce3-4a28-92b1-4f8a04c76603,1.0884560189404893,0.42098324034216716,1.5094392592826564,20.175756947829605,0.9999999999999948,success
64,38d80e08-5bd4-4e0e-9d11-a60d55148590,1.0045021635531135,0.4302608157394767,1.4347629792925902,78.90371617418946,0.999999999999828,success
65,8573b7f6-c239-4d33-aa19-58f59c7d0499,1.0597671456657947,0.42385905028468185,1.4836261959504764,52.84501872086366,0.5352511541834839,success
66,b702c675-432e-4034-b542-ef01ad2fd4ff,1.0406622824781306,0.4390726447952973,1.479734927273428,104.19400793483146,0.7740117939926632,success
67,4b2d55e4-a4ec-419a-aade-a8645321f66a,1.0719778976718857,0.4562808414004675,1.5282587390723532,99.27520214639075,0.7406014008685258,success
68,4b56c2d8-0a77-4566-b8fe-51e66454dd75,0.3511922567184415,0.19205425239695936,0.5432465091154008,105.82832290618663,0.10131040989883702,success
69,89639692-ddbf-413e-a0c4-bf75456e2877,0.8494426401541149,0.4285407792132466,1.2779834193673616,90.12594471494849,0.6924936901200388,success
70,c9f1b338-8d5c-491e-ac9c-cab3df47c1e5,0.8362563809557654,0.4775600287779232,1.3138164097336886,70.34829541625149,0.9999999999999151,success
71,ba91b97c-6a58-431f-99ae-091ae1a16bc8,1.5698118921714614,0.5145283185628321,2.0843402107342937,13.547260036060436,0.3172016060575576,success
72,3a3f06cf-6324-44c0-9fbe-cbe35289073b,1.0471531995129353,0.435867753065074,1.4830209525780094,98.54396630308023,0.7180069921607852,success
73,fe183495-7f7b-4949-bc1b-6c7d1ea634b7,1.0391185108869705,0.43726617715361066,1.476384688040581,103.99382229616872,0.7692236465081312,success
74,22fc6d75-43ef-41aa-993b-b76a84f4c5af,0.6064074967831657,0.31921978754943725,0.925627284332603,80.62884296337818,0.6171020151409259,success
75,a6ee3a08-02cd-4703-9d6c-3721dad590c8,0.342981506158032,0.16094169920161158,0.5039232053596436,129.5222636162463,0.10613257591888339,success
76,3b660550-7e2e-4815-ba89-ac39039b2f38,0.9603442613258593,0.5547110381022339,1.5150552994280932,95.00305098902253,0.7101345038619957,success
77,f180c1df-360c-45fe-9547-101530b6135a,1.211408448431159,0.4138968386972044,1.6253052871283633,21.962087368587635,0.5299498969153918,success
78,eb5c038c-56ff-4457-93db-9b9702e3ff43,1.1794600662177313,0.4679333497856744,1.6473934160034056,20.484748300059486,0.5530072771957866,success
79,83d8158b-ea97-4925-af7c-8fa89acc9319,1.0225264765826363,0.47000279785869054,1.4925292744413268,72.96357810127813,0.9999999999999316,success
80,130093e4-2947-4d37-b73a-ed4c23442ab8,0.6204485855834447,0.28385937627412683,0.9043079618575716,115.35652431582112,0.15713816814306508,success
81,6411e428-3416-4aad-a246-f50fe8f3fb4b,0.7231989956645023,0.4429252629526453,1.1661242586171476,73.53889290329514,0.9999999999998479,success
82,86a7ac96-49f1-4da4-b518-37e4ab31a099,1.0695307421059275,0.42370832572798356,1.493239067833911,62.66670514294647,0.629158601364799,success
83,e34d9838-8677-405f-b825-5068facac35e,1.0118093039540443,0.4223680128585613,1.4341773168126055,101.19115605344939,0.7669800980444281,success
84,852b1fcf-ea63-4436-bd20-9ebf44baf999,0.5966519409207015,0.27853837971863143,0.875190320639333,93.30838065517084,0.14326397437572444,success
85,a3f7d49b-cc77-4468-aae0-ad451027ddc0,1.0059682000703807,0.461690687512718,1.4676588875830987,60.62926781199708,0.5381262813404041,success
86,8f7962c4-620f-42e2-812b-2b161525c034,1.0314683434726402,0.45105290135488035,1.4825212448275205,94.37046889982562,0.7130757385439952,success
87,70246cb4-9be2-45b9-8704-bb3f4ea585c5,1.0444533467341035,0.5032890310536962,1.5477423777877997,101.52842302590034,0.7273760603541283,success
88,ad3d2a7d-b678-43a0-b803-1cc079e32935,1.0400394607347128,0.4302682561852802,1.470307716919993,102.139183212025,0.7422327745065036,success
89,01cddefc-e6a6-41aa-9052-06286b12b8fe,0.41508626493877526,0.2039942293556249,0.6190804942944002,107.25375388836446,0.1095791273801741,success
90,b8953350-d5ad-4c99-b929-ebfe8febd0df,1.3725629794670542,0.5810020615143124,1.9535650409813665,83.28994533786133,0.665405156309716,success
91,328c652f-9166-4c49-ad89-6445d14b89f3,1.4127186683497415,0.5706437392723448,1.9833624076220864,81.44719508709433,0.6504363505348154,success
92,f69628da-ff56-4f3a-ba2e-816036b87557,1.072257063646166,0.4261815076542318,1.4984385713003978,58.035492604634804,0.5856665971147663,success
93,96f2819c-ff4b-467a-a599-1d2a0c792f5f,1.0391822953948628,0.44755345108717903,1.4867357464820419,80.89006257239991,0.9999999999998971,success
94,4ccc9a11-4c0b-48a4-848e-edcdd5c8da69,1.408513148583031,0.4851316406001881,1.8936447891832189,17.256083225093487,0.33961294302013945,success
95,cb613f37-04cf-4232-aa8f-9a57445e5eee,0.9292515782255063,0.433960030454588,1.3632116086800943,78.04727739505127,0.9999999999999896,success
96,759bc1ef-f128-4db0-afec-489804bd5a62,0.9264067340462946,0.45182368011709195,1.3782304141633865,77.78954570065314,0.9999999999999591,success
97,44e72ee1-8a86-4ffd-8aca-07ceafe5a474,1.061410929330546,0.467115284965476,1.528526214296022,98.28283457904271,0.7365443703924563,success
98,8bba99d5-9522-404d-8c7c-f9c527c491bd,1.0729964379379524,0.466548300492148,1.5395447384301004,203.38955760537414,0.3348320065904281,success
99,e0ec3c4c-a1d6-4cbc-8c5c-3ed0b7a0f7eb,1.1065466514243516,0.5054270548229853,1.611973706247337,104.84021722804698,0.7390384365283137,success
100,8a0bd2de-3c21-4148-b402-efebe0043e63,1.0046732264445135,0.4430760178796075,1.4477492443241209,103.61713837296925,0.7513424362134404,success
101,bc2a0ee6-c1d0-4437-bf7c-9c3184bef73f,1.0729635090886285,0.5226304421537977,1.5955939512424262,88.63296745743381,0.6902121721355665,success
102,ced08f31-8bee-4e63-96d4-cdb059f6ab5c,1.0560651416900613,0.46774192571282874,1.52380706740289,99.50849639380635,0.7416479936430522,success
103,61c91192-9f3f-4836-8619-c4a50808f7b6,0.6774636722144555,0.4279879329042962,1.1054516051187517,71.26272771397495,0.9999999999999591,success
104,5a63723b-d247-4738-8b0e-5130a06e53d0,1.0373169070395902,0.44762175091558626,1.4849386579551764,102.8737948130429,0.7546825854237568,success
105,cf246b70-a191-4b99-bd9b-0847ce01744b,1.0369971641521871,0.5192314678326767,1.556228631984864,94.394397582781,0.6978904831858922,success
106,56451304-05fb-48e6-a226-ce4c2bbd1de3,1.0426513731888385,0.6006366504649686,1.643288023653807,90.60326357588897,0.7010760605812063,success
107,517c3f17-e084-4ef0-a79f-a7ee9183f4b9,0.8699965561764116,0.43243959894105716,1.3024361551174688,89.28146531901204,0.6812193856631001,success
108,decddea8-7eee-4ca3-9344-5b6f201057b3,1.0505882903286357,0.5869799648786472,1.6375682552072828,99.49263143902614,0.715564210303542,success
109,bb19470e-967e-4dcd-970d-4fd3588246f3,1.0971942596513313,0.43819566869069443,1.5353899283420258,39.06625961470993,0.6165001206349652,success
110,0cbe4677-2659-4e7f-993b-222b31ebcb86,0.9958232385534204,0.48659326597689484,1.4824165045303153,95.04488675001416,0.7082125164210544,success
111,2811e6fa-3ff3-42bc-a3cf-bcc61a8cf0fd,1.4082586479839578,0.5512377077307119,1.9594963557146698,89.27049938790609,0.6774839844589796,success
112,bcd48064-47e5-45b2-86b0-cf53533c584a,1.0385612416263548,0.5343855725405725,1.5729468141669272,196.4085669086741,0.3265952998002998,success
113,b59dad1a-4440-453a-b36a-9efd6e49a282,1.0767653186830255,0.4637759230605124,1.5405412417435378,97.63118149811115,0.7138130795755702,success
114,7586d345-a4e0-455e-aaf8-ee04edab6bdd,1.180512723698139,0.6130027334157598,1.793515457113899,87.6927956725134,0.6896493494288518,success
115,551d8cf4-45f3-4211-bff9-bac1f9870ec6,1.0576047882859025,0.5093194250899207,1.5669242133758232,80.83164491213364,0.9999999999928587,success
116,d0e19177-de83-4147-ad9f-8c5e3a0aeedd,,,,,,failed
117,ad84fa96-1a1d-4b08-906a-64405d8b14c4,1.1036202083391775,0.5358596597473189,1.6394798680864964,97.41789135986372,0.7118403025012077,success
118,8209442c-5fed-4dc0-ad42-c083465e58eb,0.839061434974538,0.3601294632738913,1.1991908982484292,178.015346083908,0.12074794646365816,success
119,50d45172-6479-4d31-9ef6-bea791278606,0.9275219003611762,0.47856126526549575,1.406083165626672,64.05331167876962,0.9999999999999036,success
120,bfcf29cb-db74-40a1-9d27-911985c3f28f,,,,,,failed
121,a3e0413e-4e1b-4f07-930b-690692b49c03,1.624543755530915,0.523685328231261,2.148229083762176,12.754252207929918,0.311062360537076,success
122,82d46018-8a24-4bb2-92b6-b4626d334344,1.5423148173288255,0.5165756252985098,2.058890442627335,11.640084887098286,0.4077232000984007,success
123,56faa977-e163-444a-9156-e2fa4f7fe338,1.525406415900221,0.7808648471776742,2.306271263077895,594.1854480169898,0.2141069414856922,success
124,a20c37f0-5b38-4a7c-bee3-d0d3d116c9e0,,,,,,failed
125,81c548b0-7ef9-4ff0-b4e6-8977a3bb8ae4,1.3801771998235794,0.4818340385988834,1.862011238422463,16.34199314681145,0.43741517485246506,success
126,12720234-74cc-4a1a-9cdc-cad646138159,,,,,,failed
127,6791de91-caa6-4665-b50a-a0fcbadffcab,1.493196104514136,0.5311969431184174,2.0243930476325533,15.817810888422509,0.3380464798996249,success
128,74579cb8-62f3-4d9e-8f66-6ca76a8ff53a,1.5469959456169748,0.5219387347249949,2.06893468034197,12.49367845017792,0.42189608344559826,success
129,8d373b7d-c3a9-4148-8bcd-46021e36cb01,1.3483486149542283,0.5258722810008134,1.8742208959550417,25.541071988694494,0.18384302259047985,success
130,da8a1479-69d0-45be-b579-65c7a1dfa21b,1.5331897845466382,0.7236559279001114,2.25684571244675,610.2587197266299,0.1897892285208793,success
131,ea0d2ca6-8818-45f8-b5e3-04858133284a,1.460387241331867,0.5250847653370067,1.9854720066688736,16.62740018472764,0.3488619796629761,success
132,86790201-b18a-4f73-907d-61e0d3d0c114,1.5580686592897988,0.49443027900251724,2.0524989382923158,11.775518493655861,0.4131955970477913,success
133,c0c257a6-ec89-4274-8d2a-38b479f2eece,1.5111728070394452,0.5134996602578957,2.024672467297341,12.672379070140403,0.4269510054963782,success
134,defeadd7-5618-448a-bc01-6cf057fbe1ac,1.5654917200317677,0.7221499076330754,2.287641627664843,276.22484793556043,0.17913149383094074,success
135,0ec4dd81-7487-4689-96b9-b0f646a2047d,1.30380914006089,0.487639455594871,1.791448595655761,10.207922098202662,0.999999999995099,success
136,ab43267e-6f46-4c9a-bc6a-ba6240fcb2fb,1.1896452295089104,0.4205781013081992,1.6102233308171097,16.79795980841866,0.9999999999920164,success
137,be0d7554-70c4-4a1f-a312-eea5e9ae1e45,1.652984607718944,0.5669919795270533,2.2199765872459976,10.849522523905565,0.40288492338873017,success
138,23709b8a-dfbe-4f00-b9a7-644344ee10e2,1.655497011757081,0.524533588961543,2.180030600718624,12.251273482194964,0.301541199774468,success
139,f9b8246e-8b80-4955-9560-ada457bad27c,1.2730434990688864,0.43175381615910646,1.7047973152279927,26.261794197601887,0.41247492770215766,success
140,0799ec06-5d0f-4589-a10c-b9a98c310f5c,1.4223861268254088,0.7422960491590298,2.1646821759844386,248.65519041967144,0.17227388231991447,success
141,3f24b844-1e01-4b2d-976d-9083d8131fe3,1.6158442165618687,0.736640732877635,2.3524849494395035,171.58426130256984,0.07446011647744263,success
142,3988b456-0f05-4af3-af65-7da9eab0ee6c,,,,,,failed
143,21d4f4ac-db02-41f9-b1ad-00c2e61fc894,0.7723310202190883,0.3365458293963004,1.1088768496153887,81.66474483384611,0.1382268096047345,success
144,7371d32e-f23b-42a1-93d2-565008fc710f,1.2637196647024829,0.44205123447495076,1.7057708991774336,37.114698836251264,0.19410405974661404,success
145,13a21dba-b25c-4ec6-945b-e13b30d2d50f,1.3841890755196762,0.548035193874655,1.9322242693943312,442.38605036572625,0.1651500703037668,success
146,1af462f0-d499-436c-bf10-135830a958c5,1.2888604882511763,0.49142073735929237,1.7802812256104685,30.76827824616884,0.18895467188027218,success
147,3af12ee2-596f-48b6-8c5b-565269a55562,1.5621396951390807,0.7404660680494429,2.3026057631885237,256.01048995336544,0.17410878247009098,success
148,9cabbf21-c7c6-4d8c-b88f-27e18a59fa8d,1.355904842863707,0.5070533457867092,1.8629581886504163,23.253695533823368,0.24813760074797714,success
149,c1a8b4e0-1bd4-4ea2-9cb4-f3a5e09fb320,1.594683868539569,0.7318698870735142,2.3265537556130833,257.08236256039766,0.17435284443351096,success
150,02bb1532-f5b4-4970-a885-68b4b420114e,1.455122605796014,0.498073196823609,1.953195802619623,17.10185278718812,0.3242067413858767,success
151,5f681f1c-0c9a-4fe9-822f-9b8173449c11,1.6142404671469388,0.5391227183079068,2.153363185454846,13.32599501464004,0.31242789962785006,success
152,37300e48-9860-4742-8c2b-0ca12c5d51d1,1.6273196747783236,0.7660184856591897,2.3933381604375135,262.77001482915466,0.17580984928878418,success
153,131f3c99-0c3f-430d-880c-effef7248f1f,1.6133978765390329,0.7861536177593794,2.399551494298412,218.97527638903847,0.16484292136246564,success
154,9184744f-b57b-466e-ac26-2628b429fdda,0.7796447475950181,0.438206706836299,1.217851454431317,54.35862335283821,0.3279969188773155,success
155,d027691b-6a39-43f7-8527-56dd93433485,1.5656360946160568,0.7570072141256977,2.3226433087417546,256.9067065792377,0.17431192324859746,success
156,1e26acd9-0b68-4941-96c0-f56653643d27,1.51792121688333,0.5250217919241386,2.0429430088074687,14.600306505811625,0.3119936282131036,success
157,d298bae0-5f86-4a29-b399-111644195748,1.0541236234172646,0.5120968674556232,1.5662204908728878,48.085947901656354,0.12504758932308047,success
158,4d0ecb5c-939e-4cf3-ad18-c4651703d936,1.3375369236492383,0.7787700352635766,2.1163069589128147,256.7694590525748,0.17430650139036646,success
159,29583b9e-3026-4b38-b781-e1b63ff2fa04,1.5905994577151477,0.7212511318275403,2.311850589542688,219.55718276499238,0.1649614805366945,success
160,a6621988-f817-478a-9202-f2eda1c99aef,1.0949161615192937,0.4514882100123125,1.5464043715316063,31.289295086053254,0.562792751197353,success
161,ee49095a-c041-4633-b695-6863ffcee3fa,1.058212219378577,0.5259980878442626,1.5842103072228397,98.4097239603783,0.737377872928443,success
162,61d40454-5d5c-4663-a704-f6f59478e7b9,0.9882719215216541,0.5182610781709687,1.5065329996926229,92.36593853966896,0.693669889179854,success
163,46a44e80-dbc4-4e33-906e-dcfc99b242f2,1.411032275532018,0.5578150638762787,1.9688473394082966,84.98458825614645,0.647116850309277,success
164,c8a04429-83dd-4779-a587-8e58a018413f,0.9788892765220787,0.5342801301562273,1.5131694066783061,43.796508841651494,0.5170447145890892,success
165,a53538a9-2e62-41df-ab0b-de034c8bd0aa,0.5779292312144959,0.3294160735416576,0.9073453047561535,82.66821429825923,0.09136537516776942,success
166,0b01d93a-fb4d-400b-aff8-0a7d907a56c8,0.6396271523665165,0.2544177933092301,0.8940449456757465,90.8154207174678,0.13466639047477985,success
167,d8a17275-4162-4633-bb9d-09d514ab7cb9,0.5917476751355139,0.32482859483402515,0.916576269969539,85.88363182067312,0.08717249174171117,success
168,9f62f2c7-89e5-4122-8d6c-f876026d5975,1.1130998728281387,0.5705046602038722,1.6836045330320109,85.38024145030758,0.6708492300748656,success
169,e7968010-0689-42a7-8797-2a3e9b7ae66c,1.0158430619442342,0.49631599742573185,1.512159059369966,81.61439892788432,0.9999999999988798,success
170,ff80ecc0-2e1e-4fbd-ae0a-edeb9a9ff1dd,0.7703639717423258,0.4289537657097671,1.199317737452093,64.50109641189087,0.9999999999998572,success
171,97eb1065-a266-4bf0-8d3d-70c6c45e135d,0.49340919627520363,0.26548978956489927,0.758898985840103,62.2454420543027,0.5395504658212269,success
172,7f042b90-a311-4af9-bb43-69e8c874b62c,0.560513198780875,0.33395682691943024,0.8944700257003053,76.26774283108234,0.11388260362625585,success
173,23754685-93a7-40a9-aefd-34d561daf1a9,0.7910650845880003,0.4223119020092662,1.2133769865972666,53.78125828210462,0.580303052472007,success
174,80a0d61f-b6eb-4ce7-87e3-fa6ae0e37e4c,1.0191220011203783,0.46252211699452317,1.4816441181149016,177.766369188105,0.2204428567024183,success
175,fd6bad8e-aedb-430a-a5bd-e667c317cbb5,1.7157977410756813,0.575287121535144,2.291084862610825,11.472663405466655,0.2789204277593458,success
176,4cc6ca70-fd71-4099-a5dc-4f04f5a0558e,1.0326620444833867,0.5169886967735166,1.5496507412569032,93.70195683976908,0.7002309519191909,success
177,9d522d04-006c-4226-847e-27f987ea389d,0.7703289643246579,0.49243396088277075,1.2627629252074286,81.88345742365784,0.6385936463265807,success
178,326de561-5b2e-46d0-a192-b9bff6174040,0.9215302139915699,0.4718591128014691,1.3933893267930388,69.81097986798133,0.9999999999997142,success
179,1a084599-bbe6-4de7-89ef-9791617c5e9f,0.6127759167445526,0.34095034155563214,0.9537262583001846,81.63335974369363,0.07804970838385421,success
180,f0a886af-f326-4c5f-ba18-ac69dd3177b9,1.1254816594089498,0.43953476041992245,1.5650164198288723,60.918861185743495,0.16071787376044525,success
181,ff983e1b-2a80-4131-ac10-7f8fdef11fec,1.035105495812319,0.4556999808389498,1.4908054766512686,100.93546293744544,0.7474170781599251,success
182,5807e74f-9d51-4612-840f-1e9e913af112,0.7560576110259017,0.35294583728047363,1.1090034483063753,153.65008673883213,0.1399734388596851,success
183,fde8e8a8-dbf8-4c34-96d0-07d004f97c02,0.8904423409508602,0.36782655513272544,1.2582688960835857,108.31265041767351,0.20497116251168182,success
184,1c6baba0-ebdd-4e85-982c-5f83fe191312,1.1174062814444916,0.571617235595057,1.6890235170395487,82.59820093168392,0.6463063334412127,success
185,cbb3d083-994b-4677-b507-3cdc98c3861b,1.1475669876010697,0.6142420205741181,1.7618090081751878,86.83752982626486,0.6788729402128091,success
186,bdbab155-503c-455f-a133-8cd6be1edaff,0.8753005902022146,0.3651204823774572,1.2404210725796718,106.69120369543502,0.17651977871247845,success
187,38190afc-ea48-4c3b-8c2e-edd9cab5abf9,1.0396073904525145,0.4421701017871047,1.4817774922396192,102.14308235076355,0.7337252296329639,success
188,1468528a-c926-4cdf-8982-dc31a2cc397b,0.9107722938445105,0.5975283949874503,1.5083006888319608,94.19977618573189,0.7179200102250328,success
189,08189d6c-3d71-412d-bdd8-9aec48c0b3a7,1.0689845331543049,0.548986139457652,1.617970672611957,85.27866671504907,0.6806397903713729,success
190,1ac99397-b138-4836-a940-50a40a1ae83c,0.5815205578406805,0.3699441661876999,0.9514647240283803,71.40698241041177,0.10453355304180573,success
191,f25a70f2-6079-4953-8b41-51b60e129fe1,1.0328161617395182,0.4564818719074953,1.4892980336470134,205.41147556444494,0.32170672040287507,success
192,51c0142b-f0e3-4fe5-8733-f22fc5bc5b10,1.2131453268362022,0.4026068559971678,1.61575218283337,28.92587645122598,0.41012298302464295,success
193,ba69b584-1afd-4436-b67b-41028e68893b,1.0299915495575405,0.4202871006632046,1.4502786502207452,109.74064854003052,0.4357532810267776,success
194,81c188d3-242b-4913-b293-cf022d523bf1,1.0404573233854686,0.43624910520210924,1.476706428587578,105.27189915653298,0.7691686473290006,success
195,52812388-4002-435e-a8df-fc39c962903f,0.8628539657807485,0.362437933383948,1.2252918991646964,110.69314884637815,0.2095753989622262,success
196,f9c5e673-ef4c-4e1e-832d-307ab7bd2d99,0.9691975889680589,0.38913237917884935,1.3583299681469083,84.37110378346358,0.2858229379656186,success
197,bdbbf131-7db4-4768-846e-2de75e623ef2,0.89138196558824,0.5661664691133957,1.4575484347016356,95.61834928203129,0.710525312891416,success
198,f0f8a098-6c89-409b-8fe3-ffd4b4f106a8,0.8734017742079394,0.4150115953570501,1.2884133695649895,41.2623764079302,0.5037418800382325,success
199,2e8bb17e-1309-48a3-b163-fc3b9d98c2ce,0.6851143664713528,0.27536126728161814,0.960475633752971,68.61219048903317,0.5576466204691365,success
