uuid,teos_volume,ammonia_volume,water_volume,ethanol_volume,dilution_volume_fraction,silica_mass_conc,silica_mass_fraction,well,campaign,ethanol_dilute_vol,sample_dilute_vol,dilute_well,target_volume,teos_vol_frac,ammonia_vol_frac,water_vol_frac,ethanol_vol_frac,ap_distance,rmse_distance,experiment_status
c563cb4d-d727-437f-9a6a-fef3eccbbe50,222.617091312306,399.058218456991,590.7501289171865,487.5745613135164,0.4857997236018741,12.3672363488698,0.0148904165539834,A1,Round2Random,,,,1700.0,0.04594780006445944,0.08236495736986399,0.12192985116969793,0.28680856547853906,1.5221897516048115,0.2551161249288829,complete
3ef8b92f-f2eb-4134-ad6c-ae3329408457,424.5784249889665,225.5927443709923,374.5985863043229,675.2302443357185,0.2547169499519007,23.586965850268367,0.0286512838786264,A2,Round2Random,,,,1700.0000000000002,0.0876322858594358,0.04656196994241327,0.07731652968097479,0.397194261373952,1.5482490459579332,0.264216608775128,complete
0507cf19-673b-4d6b-922e-c21f718ad4fe,290.225034005614,259.03940542596393,534.5883983297507,616.1471622386716,0.3726326428011702,16.12311781071138,0.0194976695580115,A3,Round2Random,,,,1700.0000000000005,0.05990196780301629,0.05346530555747448,0.11033816270995883,0.3624395071992185,1.4895903775388732,0.2542193007436556,complete
82fc5e1c-5d6e-4ecd-82c3-eb912535a0d7,87.22124142413959,134.097490528808,46.585716958134434,1432.095551088918,1.2399195386668764,4.845475704382897,0.0060800406153981,A4,Round2Random,,,,1700.0,0.01800232021138072,0.02767750062514097,0.00961521505843848,0.8424091476993635,0.9911990058343196,0.2982038764174199,complete
9964ab9f-5b01-4ae2-b492-a1be55ce083f,44.19831236132887,353.3115894668503,274.4476301724789,1028.042467999342,2.4468654039196864,2.455386385526419,0.0030293409607486,A5,Round2Random,,,,1700.0000000000002,0.009122458691708742,0.07292292868252843,0.056645537703298006,0.6047308635290247,1.4290352790359218,0.3022797436251265,complete
d263a9a8-70c2-49a4-badb-03a72fa16632,362.0149456667947,39.59905222188682,668.9746479810449,629.4113541302736,0.298737172934601,20.11132374649358,0.0242353213350398,A6,Round2Random,,,,1700.0,0.07471928703133017,0.008173178993165494,0.13807526274118573,0.370241973017808,1.506381614543246,0.3146324980492759,complete
586ae478-4dab-4d7d-9382-ab359a49387a,467.8572641851148,437.60802490955695,146.75878243159968,647.7759284737285,0.231154520208072,25.991271962114094,0.0317141752377407,A7,Round2Random,,,,1700.0,0.09656496680807322,0.0903215737687424,0.03029077036771923,0.3810446638080756,2.2373813472278767,1.8562819836880988,complete
7386215f-7150-48a6-b35f-96cbe5b743cf,150.57127123244572,186.8166870817076,456.38598860751375,906.226053078333,0.7182467182708316,8.364813715354206,0.0102291819281445,A8,Round2Random,,,,1700.0000000000002,0.031077661761082703,0.03855865574441849,0.09419731447007507,0.5330741488696076,1.5369869306916542,0.2595197649401664,complete
d408858a-bbae-4227-8e64-6c368a1f3398,171.12099202636165,296.2208037767094,158.4770501611987,1074.1811540357303,0.6319933057185121,9.506429808096648,0.0117655161764431,B1,Round2Random,,,,1700.0,0.03531909020151943,0.06113948478363455,0.032709401478059584,0.6318712670798413,1.5339676545706349,0.2562228134655392,complete
0c042bd5-e5ed-4460-9bb9-d8556dba293c,429.27186186129694,97.50683986677323,378.8307076422265,794.3905906297033,0.2519320063505936,23.847704335109952,0.0290602480414282,B3,Round2Random,,,,1700.0,0.08860100348014384,0.020125250746496022,0.07819003253709525,0.4672885827233549,1.5603580254371794,0.2587013260756747,complete
8fbd8649-0d61-4edc-9fe3-1ca354becc5a,333.6268459009706,379.5761234605685,220.12725731113457,766.6697733273263,0.3241565322374341,18.534255529360536,0.022674766779915,B4,Round2Random,,,,1700.0,0.06886003011371941,0.07834388513118029,0.04543390243779868,0.4509822196043096,1.4660467902714984,0.2721179401355942,complete
d4ebf798-d856-406f-9732-f11da412170b,76.23849304842297,243.8114519242896,701.3551004259148,678.5949546013726,1.4185395999351869,4.23534175589776,0.0051187484550172,B5,Round2Random,,,,1700.0,0.01573549908120185,0.05032228109892458,0.14475853465963154,0.3991735027066898,1.5525721239721657,0.2621260641999511,complete
e44ddf37-b7d0-420b-bf6c-02535ca6803a,119.51381976767443,456.1075797247002,478.9608943925472,645.4177061150781,0.9048938577881738,6.639452736131192,0.0080579446175428,B6,Round2Random,,,,1700.0,0.024667455060407517,0.09413985133636743,0.09885673774871974,0.37965747418534007,1.4081606510589473,0.2832912397089744,complete
238ebc43-fbc1-4049-b506-1dc041dedb42,261.5845365833491,167.5031772590708,80.23176171581727,1190.6805244417628,0.4134316303292349,14.532027932201387,0.0180667770387429,B8,Round2Random,,,,1700.0,0.05399061642587186,0.03457237920723856,0.01655970314051956,0.7004003084951546,1.496781532421152,0.3030897153703227,complete
8aacf82b-9869-48dd-ad8a-85eaca6ce824,386.2454203215893,317.0017860666616,601.1612655709265,395.5915280408226,0.2799963850407017,21.457419884641173,0.0257288118899699,C1,Round2Random,,,,1700.0,0.07972041699104009,0.06542864521499724,0.12407869258429854,0.2327008988475427,1.5411015993665564,0.2673655629207686,complete
a635324c-8eea-4566-af05-e39d8101ef91,242.9144144497812,76.94903574641795,298.3088976518483,1081.8276521519524,0.4452075092930692,13.494830780235292,0.0166368715681022,C2,Round2Random,,,,1700.0,0.05013713404536247,0.015882153920829298,0.0615704639116302,0.6363692071482073,1.148423469685552,0.3216662861040937,complete
08f1d123-975c-4dca-b962-6134f27e4ddc,233.761093841563,332.3775319419801,403.813002227596,730.0483719888608,0.4626403806181314,12.986328586304426,0.0158123271234654,C3,Round2Random,,,,1700.0,0.04824790378566832,0.0686021737754345,0.08334633688908069,0.42944021881697697,1.539676286635601,0.2579901377240771,complete
d91aa15e-1296-4485-94d0-0cf924b116de,377.4185705950717,61.77061957146507,187.66130258815824,1073.1495072453054,0.2865447803960911,20.96705440488267,0.0258848737758913,C4,Round2Random,,,,1700.0000000000005,0.07789856978226452,0.01274935388471931,0.03873298299033193,0.6312644160266501,1.4910984245542205,0.22710076090142,complete
1537344f-106d-4cb9-b1de-3262334f8665,270.87481807067525,472.8669037097599,720.8596485980088,235.398629621556,0.3992520316168858,15.048138830174208,0.0179294724799353,C5,Round2Random,,,,1700.0,0.055908115184865895,0.09759894813410938,0.14878424119669945,0.13846978213032707,1.532318042494024,0.2669690642336563,complete
7c2bc3ea-ff76-42ba-88f9-86fb14a0f437,128.20372404700612,150.09839427808765,232.856789262942,1188.8410924119642,0.8435583461594223,7.122210369150401,0.0088301487413043,C6,Round2Random,,,,1700.0,0.026461036955006425,0.03098006073851138,0.04806125681381671,0.6993182896540966,1.4617210107293903,0.2924690918099062,complete
1ec7142f-1f4f-44ee-965b-da3a052e0b2a,56.18598234909588,391.16478053096216,109.43744303591085,1143.2117940840312,1.924809657266973,3.121347597835064,0.0038792264869977,C7,Round2Random,,,,1700.0,0.011596693983301523,0.08073576481547207,0.02258770754095167,0.6724775259317831,1.2854149841492086,0.2945624697869715,complete
13735048-3ac7-447e-8bca-7af4fda689cb,314.1255497356877,232.02369562648232,503.96463880792726,649.8861158299027,0.3442805639960487,17.4508834604702,0.0211348048241891,C8,Round2Random,,,,1700.0,0.06483499478548765,0.047889307662844646,0.1040174693102017,0.38228595048817804,1.5423923113830067,0.2554976524312878,complete
f041b533-6c1d-4be3-aa7b-01521b804bf8,449.2365880727304,310.0217811748618,311.0598794336664,629.6817513187416,0.2407357822134083,24.95682172695876,0.0303180718416922,D1,Round2Random,,,,1700.0000000000002,0.0927216900046915,0.06398798373062163,0.06420224549714476,0.370401030187495,1.3728588581604717,0.2775998529954235,complete
1c5c16fb-5f52-451d-a370-36a6418ab246,190.71008468214424,84.3495519374963,620.6872426361543,804.2531207442051,0.5670770982500488,10.594679309991836,0.012862584584856,D2,Round2Random,,,,1700.0,0.03936224658042193,0.01740960824303329,0.12810882200952617,0.47309007102600303,1.5538789333416485,0.2552172267098834,complete
0a4b4bec-376d-4106-853e-53c50b36e515,159.85013909884728,449.1710024045316,344.7066779189045,746.2721805777167,0.676554440541937,8.880290542749881,0.0108401326703517,D3,Round2Random,,,,1700.0,0.03299280476756394,0.09270815323106947,0.07114688914734871,0.438983635633951,1.3684462261498769,0.2621326873792759,complete
ee885bbe-4e05-426d-9772-0e1e3293e727,476.5568245609291,175.0032529231394,565.0604924265062,483.3794300894251,0.2269347869023004,26.47456602846241,0.0318259173842012,D4,Round2Random,,,,1700.0,0.09836054170504212,0.03612038244027645,0.11662755261640996,0.2843408412290736,1.5145432323964307,0.2605401997886547,complete
da675871-7139-4a31-8e76-317fb87385fa,352.88006020397887,367.14307320266965,33.14850811099168,946.8283584823598,0.3064704799870469,19.60384569585276,0.0242140298101128,D5,Round2Random,,,,1700.0,0.07283386175520719,0.07577772408723832,0.006841797339729964,0.5569578579307999,1.5334664564918703,0.2549668852735482,complete
9f769eed-2173-4aa3-b71b-60f6488e526f,35.3547815845348,26.472272344934755,514.3765291892225,1123.7964168813078,3.058916406257144,1.9640942092142109,0.0024154301147414,D6,Round2Random,,,,1700.0,0.007297168541699649,0.005463833301328123,0.10616646629292519,0.661056715812534,1.8868090729489972,1.3585063430102955,complete
c62bf89a-0e46-4e1c-9e83-89c38787a58e,107.17631153909024,274.44258668648547,643.306461320375,675.0746404540492,1.0090599300865752,5.954056662902595,0.0072036617000539,D7,Round2Random,,,,1700.0,0.022121013733558355,0.05664449673611671,0.1327773913973942,0.3971027296788525,1.436881484223024,0.2703180808808537,complete
77c8bfe5-d105-433e-8fcc-12675094a30e,309.8255402823212,118.9465080244001,244.57715068019456,1026.6508010130842,0.3490587681377873,17.21200138318372,0.021203027155585,D8,Round2Random,,,,1700.0,0.06394747993443162,0.024550362853333355,0.0504803200578317,0.6039122358900495,1.6006351054731316,0.3053090733595733,complete
fa064c37-87e6-4f7f-9189-02b4ddf6dd6e,404.54259533991575,415.7887919141679,436.1955483601196,443.4730643857968,0.2673323468884678,22.473898388759377,0.0270878638340153,E1,Round2Random,,,,1700.0,0.08349692370276898,0.08581812010612341,0.09003004094120115,0.2608665084622334,1.6879411679870555,0.4349157485772478,complete
4808d774-6c9b-4436-86ed-5355d9731910,203.09736000162084,208.15920914746815,133.34302341446747,1155.4004074364434,0.5324900403811667,11.282840136689426,0.0140013791434776,E3,Round2Random,,,,1700.0,0.04191895975265652,0.04296371705830095,0.027521779858507216,0.6796472984920255,1.455658702481733,0.2897220795020772,complete
7c4d74ad-5362-4981-b7a5-52fee1cd2e48,100.4468671604991,431.84051390737295,39.87605467904359,1127.8365642530844,1.076661965532167,5.580210123825074,0.0069416390239863,A1,Opt1_Apdist,0.0,1700.0,C7,1700.0,0.02073206752538681,0.0891311690211296,0.008230351842939854,0.6634332730900496,1.5414326912295793,0.2551414035074655,complete
2b778460-0ea0-4134-8256-cc0950b1838f,47.74360043462366,169.6273609623313,480.552178658545,1002.0768599445,2.2651689534110417,2.652340784978867,0.0032530771278525,A2,Opt1_Apdist,0.0,1700.0,C8,1700.0,0.009854200296103954,0.03501080721616745,0.09918517619371413,0.5894569764379411,1.549739289022264,0.2757358180348145,complete
e73de4ac-ae2f-40ac-adc9-6f4acfbb4678,297.6840842887759,187.2605788707733,659.4098865240812,555.6454503163695,0.3632956114766968,16.53749676628113,0.0199032672941486,A3,Opt1_Apdist,1082.0,618.0,D1,1700.0,0.06144150346517562,0.03865027427673339,0.1361011117696762,0.3268502648919821,1.539593611302633,0.2604049563058226,complete
6e8ce412-9cdc-41b3-b8ae-fa08acb207cf,165.1192002184689,457.3387777805328,723.9936529844999,353.5483690164983,0.6549651481201575,9.173007170295715,0.0109733962806609,A4,Opt1_Apdist,587.0,1113.0,D2,1700.0,0.03408033028244972,0.09439396858215332,0.14943109452724457,0.2079696288332343,1.5502927293769106,0.2659092669501635,complete
ec102405-f168-46a3-935d-2d24fdaa5b1f,83.489946462214,282.27835150435567,27.288292364683,1306.943409668747,1.2953334624249269,4.63818790626526,0.0058020902551793,A5,Opt1_Apdist,0.0,1700.0,D3,1699.9999999999998,0.017232187092304233,0.05826178565621377,0.005632258486002683,0.7687902409816161,1.4175937978437452,0.3154948571838034,complete
7bf7296f-8eae-4228-a615-3d7b8c142d89,74.11083492916077,34.51371449511498,48.6894689546898,1542.6859816210344,1.4592646477663431,4.117142157316208,0.0051829237176237,A6,Opt1_Apdist,0.0,1700.0,D4,1700.0,0.015296353958547115,0.007123573683202266,0.01004942599684,0.9074623421300203,2.2373813472278767,1.8562819836880988,complete
7d38b9e2-e3d3-494a-b43a-2997b6d7bf4c,91.4564370084554,456.3181411474943,63.35978492628783,1088.8656369177625,1.1825009257530217,5.0807571217536935,0.006310064857354,A7,Opt1_Apdist,0.0,1700.0,D5,1700.0,0.0188764575868845,0.0941833108663559,0.013077354989945887,0.6405091981869191,1.5339561234297032,0.2591932145677504,complete
2252e0ad-3f6b-4234-9603-2420244f1080,230.24638691917065,172.91318714618683,526.7677345499396,770.0726913847029,0.4697025776414776,12.791073087501529,0.0155452105676328,A8,Opt1_Apdist,902.0,798.0,D6,1700.0,0.04752247408032417,0.03568899631500244,0.10872399061918259,0.4529839361086488,1.5351941673159173,0.2582635594614398,complete
bf8528f0-4b3a-429d-bb11-da3c7d2c66f7,447.4709390848875,365.8460712432861,91.42867759801447,795.2543120738119,0.2416856872308646,24.85873312911988,0.0305050007534455,B1,Opt1_Apdist,1289.0,411.0,D7,1700.0,0.09235726296901703,0.07551002502441405,0.018870728090405464,0.4677966541610658,1.4550465009356468,0.2645483925839662,complete
4c109404-def8-474c-a617-783ec03ec895,43.53861378505826,94.8028989136219,335.0812804698944,1226.5772068314254,2.483940392830922,2.4187375902175905,0.0029964179740443,B3,Opt1_Apdist,0.0,1700.0,D8,1700.0,0.008986297994852066,0.019567161798477173,0.06916022300720215,0.7215160040184856,1.1478191097225647,0.3256715759906883,complete
9cff952d-2d28-47b2-bb0b-d49602fd36d2,90.61411578208208,189.66415034607053,250.6254581362009,1169.0962757356465,1.1934930942619906,5.033962935256959,0.0062368257468778,B4,Opt1_rmse,0.0,1700.0,E1,1700.0,0.01870260387659073,0.03914636746048927,0.05172868072986603,0.6877036916092039,1.58697272353559,0.2590897612277032,complete
60e54cc2-4d8e-4d0e-aab8-390bef44dcf8,228.6840627528727,270.37719916552305,470.888257920742,730.0504801608622,0.4729114925050144,12.704279966163636,0.0154439784729867,B5,Opt1_rmse,896.0,804.0,E3,1700.0,0.04720001295208931,0.05580540746450424,0.09719055891036986,0.4294414589181542,1.5366537972614462,0.2652807898651043,complete
bde1a208-9fee-499e-843b-7866aa600a77,24.22499945852905,484.5000072196126,666.3487283885479,524.9262649333104,4.464285814070277,1.345791969919205,0.001621680196141,B6,Opt1_rmse,0.0,1700.0,E4,1700.0,0.00499999988824129,0.1000000014901161,0.1375332772731781,0.3087801558431238,1.5826875504984346,0.2820607864509276,complete
8f8ed9a5-2ea3-440f-93bf-01d9f6cbc33d,484.5000072196126,24.22499945852905,273.7314492277801,917.5435440940782,0.2232142823881337,26.915840401077272,0.0329829676509024,B8,Opt1_rmse,1321.0,379.0,E5,1700.0,0.1000000014901161,0.00499999988824129,0.0564977191388607,0.5397314965259283,1.5982685685112674,0.7944029301960636,complete
f93ed4f1-94fb-4806-835e-4975da39c452,135.70741899311545,373.3526634424925,489.2200816422701,701.719835922122,0.7969153214391164,7.539069507598877,0.0091605671297831,C1,Opt1_rmse,345.0,1355.0,E6,1700.0,0.028009787201881412,0.07705937325954437,0.10097421705722809,0.4127763740718365,1.5435000085009989,0.2665860531715164,complete
99049d8c-98af-4240-ad63-7784477d7c02,379.92113918066025,133.90525929629803,221.6841610148549,964.4894405081868,0.2846572887778828,21.106081723022463,0.0259540682266038,C2,Opt1_rmse,1216.0,484.0,E8,1700.0,0.07841509580612183,0.02763782441616058,0.04575524479150772,0.5673467297106981,1.5732393794875237,0.27344711069606,complete
a35e929b-49fd-4bed-a211-70524348fe8e,24.22499945852905,212.3248898796737,226.7514807544649,1236.6986299073324,4.464285814070277,1.345791969919205,0.0016725190500984,C3,Opt1_rmse,0.0,1700.0,F1,1700.0,0.00499999988824129,0.043823506683111184,0.046801131218671806,0.7274697822984308,1.550805162526526,0.3044195368493406,complete
069a5c5d-4bfd-419e-a96e-36215855466d,211.66620852425692,484.5000072196126,538.1404653936625,465.693318862468,0.5109333331124403,11.758872656440737,0.0141688486114964,C4,Opt1_rmse,831.0,869.0,F2,1700.0,0.043687555938959115,0.1000000014901161,0.11107130348682402,0.2739372463896871,1.52669412447012,0.2674827064628193,complete
627048de-ccfc-4b9e-998f-c83de2ac353f,199.5755955018103,135.11364195495844,701.939108222723,663.3716543205082,0.5418865024886795,11.087192562294009,0.0133803339225876,C5,Opt1_rmse,779.0,921.0,F3,1700.0,0.04119207337498665,0.027887232601642605,0.1448790729045868,0.39021862018853426,1.5339452134722371,0.258225671836585,complete
9f8223fc-c3be-4ca7-b9c9-55fa9c4daa60,484.5000072196126,246.97722544893625,63.18333759438247,905.3394297370688,0.2232142823881337,26.915840401077272,0.0331449946971066,C6,Opt1_rmse,1321.0,379.0,F4,1700.0,0.1000000014901161,0.05097569152712823,0.013040936551988127,0.5325526057276876,1.485058279381755,0.2930369858739919,complete
89da42c0-d6c2-4797-816d-122cf69c896e,73.55980702210218,123.31177733838558,423.3607901260257,1079.7676255134866,1.4701958284920036,4.086530435991288,0.005029150673759,A1,Opt2_apdist,0.0,1700.0,C7,1700.0,0.015182622708380222,0.025451347231864926,0.08738096803426743,0.6351574267726392,1.4377562073727443,0.3077361587999909,complete
85960d22-ab40-4cb4-a325-6b021a6be6bb,107.03559391200542,378.0311167985201,636.6902710497379,578.2430182397366,1.01038652167876,5.9462392570495615,0.0071761091767369,A2,Opt2_apdist,0.0,1700.0,C8,1700.0,0.022091969847679138,0.07802499830722809,0.1314118206501007,0.3401429519057274,1.5430959832572997,0.259660394314801,complete
de29a3a6-f8a1-4a5c-91ac-5619a023658a,64.35041955672204,127.04698830842972,24.22499945852905,1484.3775926763192,1.680600098236257,3.574913512325287,0.0044959518927055,A3,Opt2_apdist,0.0,1700.0,D1,1700.0,0.013281820341944695,0.026222288608551022,0.00499999988824129,0.8731632898095996,1.5696456051496706,0.636597600934567,complete
51399e9b-be16-4017-b11e-6ed648524864,305.82564141601324,324.33586176484823,487.65609696507454,582.182399854064,0.3536241138180402,16.98979160423279,0.0205473986945954,A4,Opt2_apdist,1099.0,601.0,D2,1700.0,0.06312190741300583,0.06694238632917404,0.10065141320228575,0.34246023520827296,1.4079308517499327,0.2587532882732928,complete
fe1c667e-1c75-4505-ae6f-3ac9ff380abd,294.86646803095937,301.9284223392606,24.22499945852905,1078.980110171251,0.3667671069916859,16.380967337226867,0.0203237292518649,A5,Opt2_apdist,1076.0,624.0,D3,1700.0,0.06085995212197303,0.06231752783060073,0.00499999988824129,0.634694182453677,1.576113023462487,0.2651696890992002,complete
b95e9e19-0e75-49cc-a3c0-5a04ecc43d6b,266.7179565690458,60.54752471856773,163.4152453020215,1209.319273410365,0.4054744675601738,14.817209172630312,0.0183917290057873,A6,Opt2_apdist,1011.0,689.0,D4,1700.0,0.05505014583468437,0.012496909126639364,0.03372863680124283,0.7113642784766853,1.4633538956822378,0.3753985892194814,complete
2402a10c-a5e0-47a1-80cf-13579864101f,320.99859584122896,294.60847517475486,636.863397359848,447.52953162416816,0.3369090171411927,17.832707628250123,0.0214059340749551,A7,Opt2_apdist,1127.0,573.0,D5,1700.0,0.06625358015298843,0.06080670282244682,0.13144755363464355,0.26325266566127536,1.5100694212632633,0.2653256586951852,complete
02cf2067-1f41-45ff-b934-d79933ce0d9d,24.22499945852905,484.5000072196126,183.83526977151632,1007.439723550342,4.464285814070277,1.345791969919205,0.0016634559306727,A8,Opt2_apdist,0.0,1700.0,D6,1700.0,0.00499999988824129,0.1000000014901161,0.03794329613447189,0.5926116020884364,1.2407105498348696,0.2987182744195809,complete
5a500297-11d3-44b0-b7d9-98b6753df47b,86.16150995716453,121.0158863849938,24.22499945852905,1468.5976041993126,1.2551697559889237,4.786603542137146,0.0060159604029867,B1,Opt2_apdist,0.0,1700.0,D7,1700.0,0.017783593386411667,0.02497747913002968,0.00499999988824129,0.8638809436466545,1.545071402332486,0.6040203960011544,complete
ae77b287-f241-4b36-8915-b9eaac29d424,356.5455858036876,135.2019378170371,194.0156996436417,1014.2367767356336,0.3033197597574994,19.807479752731325,0.0244130316117531,B3,Opt2_apdist,1184.0,516.0,D8,1700.0,0.07359042018651962,0.02790545672178268,0.04004452005028725,0.5966098686680198,1.4310986476103769,0.3164433270483696,complete
0bfe570a-c73d-4628-95a0-2a6d5b319df9,327.643382884562,423.32617208361626,726.7500288784504,222.28041615337133,0.3300763179663383,18.201851126480104,0.0216662110414259,B4,Opt2_rmse,1139.0,561.0,E1,1700.0,0.06762505322694778,0.08737382292747498,0.15000000596046448,0.13075318597257138,1.5377827127808583,0.2680134653443192,complete
13baad0b-f873-4239-ba58-eebe0789cecb,484.5000072196126,369.9903093650937,726.7500288784504,118.7596545368433,0.2232142823881337,26.915840401077272,0.0319080329706334,B5,Opt2_rmse,1321.0,379.0,E3,1700.0,0.1000000014901161,0.0763653889298439,0.15000000596046448,0.06985862031579018,1.4589103882271728,0.2771269551366145,complete
c7368ca4-ab47-4788-9336-d8dc80ee8273,359.0619817748666,264.69074349850416,24.22499945852905,1052.0222752681002,0.3011940191885318,19.94727523536682,0.0247160594804112,B6,Opt2_rmse,1188.0,512.0,E4,1700.0,0.07410980015993118,0.05463173240423202,0.00499999988824129,0.6188366325106471,1.4378091455486797,0.2860349845832026,complete
c51cf7d2-8b37-4a2a-a800-0e628289334c,24.22499945852905,226.0181305557489,215.5790219642222,1234.1778480214998,4.464285814070277,1.345791969919205,0.0016728698879453,B8,Opt2_rmse,0.0,1700.0,E5,1700.0,0.00499999988824129,0.046649768948554986,0.04449515417218208,0.7259869694244117,1.2036863688053945,0.2973628620195833,complete
b8ffa852-0645-4ddb-b587-7c24d2cc1dbf,24.22499945852905,122.22598370164631,726.7500288784504,826.7989879613742,4.464285814070277,1.345791969919205,0.0016328832235065,C1,Opt2_rmse,0.0,1700.0,E6,1700.0,0.00499999988824129,0.025227241218090054,0.15000000596046448,0.4863523458596319,1.5239635793998971,0.3016821437078215,complete
a01ce3b0-5fd4-4078-8821-881fd5338ce8,400.3678401187062,391.0864144563675,726.7500288784504,181.7957165464759,0.2701199012300951,22.24197466621399,0.0264305120359021,C2,Opt2_rmse,1241.0,459.0,E8,1700.0,0.08263526111841202,0.08071959018707275,0.15000000596046448,0.10693865679204465,1.4318299569572004,0.2722566314304278,complete
48da5aa2-9f93-4512-843c-098b23a1880b,484.5000072196126,184.06126169487837,24.22499945852905,1007.21373162698,0.2232142823881337,26.915840401077272,0.0332730222365895,C3,Opt2_rmse,1321.0,379.0,F1,1700.0,0.1000000014901161,0.037989940494298935,0.00499999988824129,0.5924786656629294,1.4568444260990034,0.2139768792478237,complete
331fe194-adb0-47d4-a81b-e16511d87d9b,484.5000072196126,66.24482334125787,726.7500288784504,422.5051405606792,0.2232142823881337,26.915840401077272,0.0321735413107705,C4,Opt2_rmse,1321.0,379.0,F2,1700.0,0.1000000014901161,0.013672822155058384,0.15000000596046448,0.24853243562392893,1.4283294380355307,0.2621227245899827,complete
2cf0de63-e0fd-4c8c-ae3a-073ff1f6e3d2,312.73560483008623,116.7338258586824,726.7500288784504,543.780540432781,0.3458107096162889,17.37366667060852,0.0208659262602888,C5,Opt2_rmse,1112.0,588.0,F3,1700.0,0.06454811245203018,0.024093668907880783,0.15000000596046448,0.31987090613693,1.4750704907428278,0.2634565328570443,complete
700ad869-4932-42ae-83f4-3b50b7318c9b,484.5000072196126,254.89905366674063,726.7500288784504,233.85091023519635,0.2232142823881337,26.915840401077272,0.0320081186510226,C6,Opt2_rmse,1321.0,379.0,F4,1700.0,0.1000000014901161,0.05261074379086494,0.15000000596046448,0.1375593589618802,1.5240207418460112,0.2721967128960315,complete
f0760849-19ea-4064-b5ae-e45aa981996e,320.7430937513709,157.00063755735755,148.35060311481357,1073.905665576458,0.3371773969119458,17.81851350364685,0.0220304945273302,A1,Opt3_apdist,1127.0,573.0,C7,1700.0,0.06620084494352341,0.03240467235445976,0.030619319528341293,0.6317092150449752,1.4655289569210024,0.3042740950969382,complete
f3cbf509-261b-412c-b083-ea00cf8edf39,103.10059821233152,134.48934400454164,441.6762253269553,1020.7338324561716,1.048949504694884,5.727635098838807,0.007032136799064,A2,Opt3_apdist,0.0,1700.0,C8,1700.0,0.021279793232679364,0.02775837853550911,0.09116124361753464,0.6004316661506892,1.5605785190815735,0.2548323751619514,complete
8331bed0-257f-42ce-b6e0-439b92c237c6,78.93330601975322,135.3522682003677,465.92011760920286,1019.7943081706762,1.370110120580878,4.385048989677429,0.0053814669614407,A3,Opt3_apdist,0.0,1700.0,D1,1700.0,0.016291704028844833,0.027936484664678574,0.09616514295339584,0.5998790048062801,1.574889122687622,0.2627858422831248,complete
bd07bf5f-b860-4d60-bb06-8bcf078973cd,88.50470742210746,321.64680875837803,528.5033655166626,761.3451183028519,1.2219386355663775,4.9167771810531615,0.0059807536253231,A4,Opt3_apdist,0.0,1700.0,D2,1700.0,0.018267225474119186,0.0663873702287674,0.10908222198486327,0.4478500695899129,1.5459896605536003,0.2638736932596406,complete
d25c4916-b521-497c-b864-cf91a0aea475,48.22832071222365,98.03432531654836,627.9840680211782,925.7532859500498,2.24240280050143,2.679268862247467,0.0032671038331741,A5,Opt3_apdist,0.0,1700.0,D3,1700.0,0.009954245761036873,0.0202341228723526,0.12961487472057343,0.5445607564412057,1.5035475782194856,0.3130881756368759,complete
311ef7f0-67f0-44f1-8b30-14f89070d209,484.5000072196126,315.6981006637216,462.90553227066994,436.8963598459959,0.2232142823881337,26.915840401077272,0.0323934513530051,A6,Opt3_apdist,1321.0,379.0,D4,1700.0,0.1000000014901161,0.06515956670045854,0.09554293751716614,0.2569978587329388,1.4841766735556567,0.2678971605310884,complete
a5099251-1d47-4f19-829a-651f742dde01,160.8691225759685,218.11985632404685,80.63930047675967,1240.371720623225,0.6722689829895738,8.936898997306823,0.0111358496536053,A7,Opt3_apdist,557.0,1143.0,D5,1700.0,0.0332031212747097,0.04501957818865776,0.016643818467855453,0.7296304238960147,1.3866236176499247,0.3205181619634051,complete
9c7c4090-d1a8-42e9-9f48-29ea62098dff,403.8865710049868,440.83246920257807,155.3671821579337,699.9137776345015,0.2677665691123861,22.43745371170044,0.0274265907028985,A8,Opt3_apdist,1245.0,455.0,D6,1700.0,0.08336152136325838,0.09098709374666214,0.03206752985715866,0.4117139868438244,1.5343776465176355,0.2645890485537714,complete
9b4974c6-3261-4669-87d4-17f776c3fbc9,36.462450376711786,91.52810068801044,212.49736642464995,1359.5120825106278,2.965991597143017,2.0256294744014745,0.0025268900678338,B1,Opt3_apdist,0.0,1700.0,D7,1700.0,0.007525789551436901,0.018891248852014538,0.04385910555720329,0.799712989712134,1.2759238624238782,0.1325246562939394,complete
6294633a-9219-4287-8b6b-86d972f53cc8,425.6985367834568,303.7835378944874,162.0934966765344,808.4244286455214,0.2540467304532538,23.649192372131356,0.0289857826033249,B3,Opt3_apdist,1268.0,432.0,D8,1700.0,0.08786347508430481,0.06270042061805725,0.03345583006739616,0.47554378155618904,1.5447599932327885,0.2551297117293246,complete
53e0a69a-3439-46a5-b7c5-1d465bd2a730,193.62405370920897,372.4304662272334,305.57259399443865,828.372886069119,0.5585428016654929,10.756561506271362,0.0131697939350912,B4,Opt3_rmse,750.0,950.0,E1,1700.0,0.03996368497610092,0.07686903327703476,0.06306967884302139,0.48727816827595233,1.5404011076432749,0.2598056514277271,complete
bc33bc62-9792-4894-8fff-da8a5156f537,330.5220590159297,420.1837996020913,726.7500288784504,222.5441125035286,0.3272015240088989,18.361772666549683,0.0218562174138795,B5,Opt3_rmse,1144.0,556.0,E3,1700.0,0.06821920722723007,0.08672524243593216,0.15000000596046448,0.13090830147266388,1.5387571435129042,0.2696245631305111,complete
efcb2745-ba00-4f60-9076-a138682a6ac8,345.37384897470474,118.01545148715375,726.7500288784504,509.8606706596911,0.3131311816155836,19.18684676818848,0.023015935873032,B6,Opt3_rmse,1168.0,532.0,E4,1700.0,0.07128459215164185,0.024358194321393963,0.15000000596046448,0.2999180415645242,1.5347866169327735,0.2587309400316317,complete
b4077fed-d5e9-487d-a822-df6ec0675b8c,24.22499945852905,204.1562231071293,24.22499945852905,1447.3937779758126,4.464285814070277,1.345791969919205,0.0016912995776901,B8,Opt3_rmse,0.0,1700.0,E5,1700.0,0.00499999988824129,0.042137507349252694,0.00499999988824129,0.8514081046916544,0.9021622372190066,0.2248829615188893,complete
bc3068c4-66c5-4321-8b6a-c1c49c486042,402.42391359061,365.5673941969872,510.4644775763154,421.5442146360874,0.2687397984469452,22.356197462081912,0.026881394056864,C1,Opt3_rmse,1243.0,457.0,E6,1700.0,0.0830596312880516,0.07545250654220582,0.10535902529954909,0.24796718508005142,1.5400650629716923,0.2681115313874984,complete
6835f124-f5d6-43aa-a279-afcb239638af,387.9629212617874,391.02533653378487,726.7500288784504,194.26171332597733,0.2787568489195811,21.552833673095705,0.0256228666086084,C2,Opt3_rmse,1226.0,474.0,E8,1700.0,0.08007490634918213,0.08070698380470276,0.15000000596046448,0.11427159607410431,1.543396799083386,0.2672769059321973,complete
f33b86ef-abb4-4015-a39e-7a1447404af8,484.5000072196126,249.62871842086315,726.7500288784504,239.12124548107383,0.2232142823881337,26.915840401077272,0.0320127168775287,C3,Opt3_rmse,1321.0,379.0,F1,1700.0,0.1000000014901161,0.05152295529842376,0.15000000596046448,0.14065955616533754,1.326944441470748,0.2972407535162012,complete
0c9a7a98-4035-453d-ac5c-c95edc1c0de6,203.89276139438152,342.4068047851324,24.22499945852905,1129.475434361957,0.5304127556514203,11.327027745819093,0.0140844024059593,C4,Opt3_rmse,798.0,902.0,F2,1700.0,0.04208312928676605,0.07067219913005829,0.00499999988824129,0.6643973143305629,1.5317263344788945,0.2782230613152157,complete
76682cac-1ccd-4f9e-ac77-90854e231547,484.5000072196126,369.3262133002281,726.7500288784504,119.42375060170887,0.2232142823881337,26.915840401077272,0.0319086086865601,C5,Opt3_rmse,1321.0,379.0,F3,1700.0,0.1000000014901161,0.0762283205986023,0.15000000596046448,0.07024926505982874,1.3095386261030004,0.2786734793317016,complete
e6581805-cb63-4d4a-a6b8-1cf24627d842,24.22499945852905,421.1349474638701,431.6381120681762,823.0019410094246,4.464285814070277,1.345791969919205,0.001644649542893,C6,Opt3_rmse,0.0,1700.0,F4,1700.0,0.00499999988824129,0.08692155778408052,0.08908939361572264,0.48411878882907333,1.3015478218652754,0.3122699175360479,complete
