uuid,teos_volume,ammonia_volume,water_volume,ethanol_volume,dilution_volume_fraction,silica_mass_conc,silica_mass_fraction,campaign,target_volume,teos_vol_frac,ammonia_vol_frac,water_vol_frac,ethanol_vol_frac
4bec4e18-80bb-44d9-8508-cc464f14b287,50.2210523417439,124.2406098557808,164.94082575473143,1360.597512047744,0.3626822789443211,7.951422408600025,0.0096739219879481,2024_10_04_RandomBaseline_v2,1700.0,0.02954179549514347,0.07308271167987106,0.09702401514984202,0.8003514776751435
a180d359-a229-4b3e-a615-2991fd549f42,166.90637082978213,105.54729587184796,82.83123966184186,1344.715093636528,0.1091287625734872,26.426030424912256,0.0322071258801506,2024_10_04_RandomBaseline_v2,1700.0,0.09818021813516596,0.0620866446304988,0.04872425862461286,0.7910088786097224
3584700a-8b01-4e59-a53a-1300fd3fac0a,83.47789513445348,57.71626609380468,175.10171902700475,1383.7041197447372,0.2181929202329421,13.216927464563108,0.0160854894089258,2024_10_04_RandomBaseline_v2,1700.0,0.04910464419673734,0.03395074476106157,0.10300101119235573,0.8139435998498454
0e6edb88-77c3-4984-a38d-198341bba9e1,190.43688659323485,103.85934509699324,139.81285817734036,1265.8909101324314,0.0956447358498916,30.15158099789209,0.0363534557001475,2024_10_04_RandomBaseline_v2,1699.9999999999998,0.1120216979960205,0.06109373240999603,0.0822428577513767,0.7446417118426067
68831f53-4a51-4f12-b385-10c50c8fab46,75.22550384759337,170.91415924001222,187.560764311135,1266.2995726012591,0.2421291288548601,11.910338973418868,0.0143516067474829,2024_10_04_RandomBaseline_v2,1699.9999999999995,0.04425029638093729,0.10053774072941898,0.1103298613594912,0.7448821015301527
fed3ab35-04e9-4916-8527-8627191a3bdc,20.15313116744084,63.83954787011946,49.461665199018725,1566.5456557634209,0.9037943316576286,3.1908144353050045,0.0039823679231771,2024_10_04_RandomBaseline_v2,1700.0,0.011854783039671083,0.03755267521771733,0.029095097175893366,0.9214974445667181
32ec16b1-c5b5-4d8b-b396-cd1ad4b740d9,180.7989295678836,8.839735230185184,227.60965678943137,1282.7516784124998,0.1007433271746606,28.62561800247308,0.0343568351862768,2024_10_04_RandomBaseline_v2,1700.0,0.10635231151051976,0.005199844253050108,0.13388803340554786,0.7545598108308822
a4d8a8f6-2654-490f-b14a-02d3fb1f94b2,247.36551526512812,88.81269067913773,77.66185479923394,1286.1599392565,0.0736330837981337,39.16500370819852,0.0474387549275706,2024_10_04_RandomBaseline_v2,1699.9999999999998,0.14550912662654597,0.052242759223022205,0.04568344399954938,0.7565646701508824
770a433d-0480-4cee-bf12-ce066c24db55,99.54716822056066,52.05975691675929,14.533589052896684,1533.8594858097836,0.1829714098338731,15.76115089575115,0.0196304299841148,2024_10_04_RandomBaseline_v2,1700.0000000000002,0.05855715777680038,0.030623386421623107,0.008549170031115695,0.9022702857704608
41414be7-3e27-4b4d-b70e-e31d54a733d3,141.39397785460312,8.798970601811643,12.093150499517836,1537.7139010440674,0.1288193881426523,22.386692264106124,0.0278679349278385,2024_10_04_RandomBaseline_v2,1700.0,0.08317292814976654,0.005175865059889202,0.007113617940892845,0.9045375888494513
6b50a94f-b7f2-402e-a210-e89f507b8861,236.7727433174201,161.03389912605078,71.02939845947752,1231.1639590970517,0.0769272909503246,37.487866326427934,0.0452427398573934,2024_10_04_RandomBaseline_v2,1700.0,0.13927808430436475,0.09472582301532399,0.04178199909381031,0.724214093586501
fa1dfc55-e5e0-4514-a66a-e29a5351518a,212.8129276281497,116.07062358277798,172.18175012870827,1198.934698660364,0.0855882484080653,33.694345352769744,0.0403004351470122,2024_10_04_RandomBaseline_v2,1700.0,0.12518407507538218,0.06827683740163411,0.10128338242865192,0.7052557050943317
ef17f542-90a3-44a8-a6b8-acb920953fab,79.09535853399576,32.61406968364799,105.16065324053848,1483.129918541818,0.230282611418432,12.523047147315676,0.0154405939676635,2024_10_04_RandomBaseline_v2,1700.0000000000002,0.04652668149058574,0.01918474687273411,0.061859207788552036,0.8724293638481281
23850c30-c572-41ad-abf0-7e1bd4fa7397,210.8667967042741,12.467859020547303,61.26151288896466,1415.403831386214,0.0863781590983713,33.38621742002805,0.0409399336464846,2024_10_04_RandomBaseline_v2,1700.0,0.12403929217898477,0.007334034717969002,0.03603618405233215,0.8325904890507142
4ab46dcc-3395-4e7b-bb87-52e805e12abb,100.76327329779082,99.75853847640528,32.791727661481595,1466.6864605643225,0.1807631403602393,15.953694952703588,0.0197358794954142,2024_10_04_RandomBaseline_v2,1700.0000000000002,0.05927251370458283,0.05868149322141486,0.019289251565577405,0.8627567415084249
657e707f-abc9-4f86-ae1e-9e59efb6e1f9,201.602262542762,166.8734375746814,175.2535115044569,1156.2707883780995,0.0903476254906726,31.919377895523382,0.0380524691538014,2024_10_04_RandomBaseline_v2,1699.9999999999998,0.11858956620162471,0.09816084563216554,0.10309030088497466,0.6801592872812351
96ef6012-d812-4975-8b77-8ed7e78669fb,231.0303178338392,58.108500544687296,21.69057434927056,1389.170607272203,0.0788393743516629,36.57867688214567,0.0448646848930108,2024_10_04_RandomBaseline_v2,1700.0,0.1359001869610819,0.034181470908639586,0.012759161381923859,0.8171591807483547
e0368e49-ecc3-4ebf-9a19-4e942c829517,93.31712335369282,96.1366816448103,233.57672041073312,1276.9694745907636,0.1951869609744557,14.77475742028388,0.01775365676346,2024_10_04_RandomBaseline_v2,1700.0,0.05489242550217225,0.05655098920282958,0.137398070829843,0.7511585144651551
d03dab18-5712-44f7-9334-14047212632e,173.79449816220804,169.4022986637357,41.13656972943761,1315.6666334446186,0.1048035807053324,27.51661709067227,0.0335517603959513,2024_10_04_RandomBaseline_v2,1700.0,0.10223205774247532,0.09964841097866806,0.02419798219378683,0.7739215490850697
4d5fd07b-987b-49df-b4ba-54d2a337d945,225.02384879691184,122.33135082632884,220.0688605903171,1132.5759397864422,0.0809438013422498,35.62768182589337,0.0422420468367435,2024_10_04_RandomBaseline_v2,1700.0,0.13236696988053637,0.07195961813313462,0.12945227093548065,0.6662211410508483
6abcfcc8-cf8d-4a5e-a92f-f3afd8023fbd,127.0004986709804,157.64374118481717,59.86794127580763,1355.487818868395,0.1434190094125014,20.107794718519536,0.0245907609484526,2024_10_07_randomSampleV3,1700.0000000000002,0.074706175688812,0.09273161246165715,0.03521643604459272,0.797345775804938
8559907a-1b27-4673-ae0e-602b83d86deb,23.367554851403256,32.59316607629248,18.96466125322551,1625.0746178190786,0.7794690471515859,3.699749221009375,0.0046496041247907,2024_10_07_randomSampleV3,1700.0,0.013745620500825444,0.019172450633113226,0.011155683090132654,0.9559262457759287
b683d769-9cd7-454a-b546-4e86afe5e3f4,38.57024184247005,137.34036043330406,186.4782395966573,1337.6111581275686,0.4722367515525867,6.106767401136641,0.0074069572647527,2024_10_07_randomSampleV3,1700.0,0.022688377554394144,0.08078844731370827,0.10969308211568075,0.7868300930162169
a6974af8-5b2d-431a-94df-d35c0be3ee54,107.90392542015304,91.49860259777262,93.28708580085724,1407.3103861812172,0.1688009555107794,17.084263482239834,0.020939867968041,2024_10_07_randomSampleV3,1700.0,0.06347289730597237,0.05382270741045448,0.054874756353445436,0.8278296389301277
81f8f6c2-0e42-4680-bc11-c0be02bfd641,143.1576757509081,177.11977652834574,170.28128108333516,1209.441266637411,0.1272323374820519,22.665935854607785,0.0271796531050709,2024_10_07_randomSampleV3,1700.0,0.08421039750053419,0.10418810384020337,0.1001654594607854,0.7114360391984771
f5e32498-0689-4e74-9a45-9c17edf776b9,146.37860550515137,130.1758416403234,34.756282550269496,1388.6892703042558,0.1244327041607505,23.175900736469256,0.0284557599285215,2024_10_07_randomSampleV3,1700.0,0.08610506206185374,0.07657402449430788,0.020444872088393823,0.8168760413554446
1c809d50-4605-4865-aa13-13649203ede8,205.1273772453264,67.97433264129208,228.26872919764995,1198.6295609157314,0.0887950012274663,32.47750391502851,0.038700986796141,2024_10_07_randomSampleV3,1699.9999999999998,0.12066316308548612,0.03998490155370123,0.13427572305744118,0.7050762123033715
fe8e4a28-cb6b-4396-adc3-a51f49838d54,69.17957254238054,19.29049085928303,32.98459167721375,1578.5453449211225,0.2632899430410233,10.953095916582988,0.013683645647598,2024_10_07_randomSampleV3,1699.9999999999998,0.04069386620140032,0.011347347564284136,0.019402700986596327,0.9285560852477193
89b8593e-8436-4dfb-8430-1367d273cbc2,19.326118121606942,48.380129694438594,160.40620246173955,1471.887549722215,0.942469956960566,3.0598747246016065,0.0037599236093864,2024_10_07_randomSampleV3,1700.0,0.011368304777415848,0.028458899820257996,0.09435658968337621,0.86581620571895
403cbac3-a2e0-44f0-aca4-9313b8775a4e,83.07116825519711,102.07419160116066,41.69362489554654,1473.1610152480955,0.2192612201905104,13.15253101982332,0.0162757111922535,2024_10_07_randomSampleV3,1699.9999999999998,0.048865393091292425,0.06004364211832981,0.024525661703262674,0.8665653030871151
47d95862-b511-4a42-b8b1-961b605f26a3,90.82144523655926,13.532395937428545,120.98473643863504,1474.6614223873771,0.2005504940693647,14.379620520917596,0.0176927203913818,2024_10_07_randomSampleV3,1700.0,0.05342437955091721,0.007960232904369733,0.0711674920227265,0.8674478955219865
649ddf37-37fe-4a30-896b-010286133a28,229.96529601459093,158.88989210068652,58.54650992434074,1252.5983019603816,0.0792044975043975,36.41005360636099,0.0440618014649357,2024_10_07_randomSampleV3,1699.9999999999998,0.13527370353799467,0.09346464241216855,0.03443912348490632,0.7368225305649304
a9d67fc5-2e59-4f51-a904-9cac957c9e73,80.17300420349086,36.7082323846744,40.44922520624596,1542.6695382055889,0.2271872670263818,12.693669138002868,0.0157991563134008,2024_10_07_randomSampleV3,1700.0,0.0471605907079358,0.021593077873337883,0.023793661886027037,0.9074526695326993
5d67ff81-9548-4a2f-9496-5d3c3c25b3eb,238.3918466334671,121.69629745694716,216.0113697206898,1123.9004861888957,0.07640481824989,37.744216478182,0.0447201438512066,2024_10_07_randomSampleV3,1699.9999999999998,0.14023049801968657,0.07158605732761598,0.12706551160040577,0.6611179330522917
289532b3-a4c8-4db7-93ff-9edc14d5d2c8,100.72073371561024,56.41003917053458,229.21385452915365,1313.6553725847016,0.1808394859961466,15.94695972571748,0.0192200421462183,2024_10_07_randomSampleV3,1700.0,0.0592474904209472,0.0331823759826674,0.13483167913479627,0.7727384544615892
43cd6089-f940-463f-bd40-a1f2bf168f67,63.32653758949563,104.92040766772102,116.35742694632464,1415.3956277964587,0.2876248474590063,10.026393844193237,0.0122900798506506,2024_10_07_randomSampleV3,1700.0,0.03725090446440919,0.06171788686336531,0.0684455452625439,0.8325856634096815
fedab157-3d87-4f8b-b09b-590c966aa0ba,79.17455835484178,63.5123068636842,236.2034517196601,1321.109683061814,0.2300522553299705,12.535586733821086,0.0151176270815778,2024_10_07_randomSampleV3,1700.0,0.04657326962049516,0.03736018050804953,0.1389432068939177,0.7771233429775376
48117328-d486-4f9f-96ab-b0034fe30cd5,213.96023272880265,37.943678392016224,109.14368475310854,1338.9524041260725,0.0851293040860193,33.87599641465421,0.0411459433433597,2024_10_07_randomSampleV3,1700.0,0.12585896042870745,0.022319810818833073,0.06420216750182856,0.7876190612506309
2027f32f-4921-4edd-95bb-849ab8220e8c,136.0504166665083,77.73521219434689,163.25380730506953,1322.9605638340752,0.1338789410614833,21.540654393700414,0.0260791731864238,2024_10_07_randomSampleV3,1700.0,0.08002965686265195,0.04572659540843935,0.09603165135592326,0.7782120963729854
1e52819b-5c95-48c2-8f70-d460a28eff49,207.6019981216617,178.07089154222822,45.094509067166086,1269.232601268944,0.0877365626491298,32.8693068536644,0.0398878786568426,2024_10_07_randomSampleV3,1700.0,0.12211882242450688,0.10474758326013425,0.026526181804215346,0.7466074125111436
ecc20fb9-daca-4f65-97ce-f1329696f7ec,32.66267181532395,146.57619431869676,137.5305969560077,1383.2305369099718,0.5576483705090023,5.1714308738457,0.006317865110694,2024_10_07_randomSampleV3,1700.0000000000002,0.01921333636195526,0.08622129077570397,0.08090035115059276,0.813665021711748
f59733f7-c03c-4712-934e-fb6ea464b604,31.89500728136396,130.2946172460637,89.35313858654402,1448.4572368860283,0.5710701224679826,5.049887722258984,0.0062230457646941,2024_10_07_randomSampleV3,1700.0,0.018761768989037624,0.07664389249768452,0.0525606697567906,0.8520336687564872
c2755e87-75e2-48c6-b27a-739971d1775c,78.2279023216347,134.9356026919215,66.51648409701009,1420.320010889434,0.2328361770381816,12.385704131910282,0.0152364495724074,2024_10_07_randomSampleV3,1700.0000000000002,0.04601641313037335,0.0793738839364244,0.03912734358647652,0.8354823593467257
2a988138-57f5-40bf-851c-3df09f642f05,93.96342886355411,53.95463881225708,129.8297232383711,1422.252209085818,0.1938444130294029,14.877085983192972,0.0182152601444665,2024_10_07_randomSampleV3,1700.0000000000005,0.055272605213855346,0.03173802283073945,0.07637042543433592,0.8366189465210693
0d339e3d-c04d-4f61-8cb0-2fd1f18006e9,34.80937334281116,115.62254977188736,136.5583750468186,1413.009701838483,0.5232580757747922,5.511314843502178,0.0067492541315591,2024_10_07_randomSampleV3,1700.0,0.020476101966359506,0.06801326457169846,0.0803284559098933,0.8311821775520488
320cdd85-691d-48fb-9eac-d27b2fc5e5f5,222.50863864686008,10.347905408957942,136.58098759147575,1330.5624683527062,0.08185878006828,35.229452449627665,0.0426706816891131,2024_10_07_randomSampleV3,1700.0,0.130887434498153,0.006087003181739966,0.08034175740675044,0.7826838049133567
a9ad98c9-82d7-4c69-851e-56ddb16bd5f5,185.54149434019536,121.30570267852536,91.55878289996691,1301.5940200813122,0.0981682603077957,29.37650102953885,0.0356430785330758,2024_10_07_randomSampleV3,1700.0,0.10914205549423256,0.07135629569325021,0.05385810758821583,0.7656435412243013
bf04b495-3291-4508-a497-e6d96dc52362,150.04299913417665,31.67099911769417,156.00495023873967,1362.2810515093895,0.1213937725811352,23.7560785753861,0.0288562438682379,2024_10_07_randomSampleV3,1700.0,0.08826058772598627,0.01862999948099657,0.09176761778749393,0.8013417950055233
f5458994-6b3e-4176-9427-7cef2bb6c7d5,183.7509161636644,76.54488740522862,18.999017402611383,1420.7051790284956,0.0991248702023477,29.093001525380032,0.0358209767515902,2024_10_07_randomSampleV3,1700.0,0.10808877421392024,0.04502640435601683,0.011175892589771402,0.8357089288402916
3ae01d8c-6757-4aa4-8701-a4f231f6a81c,68.29057595176755,93.94049079145373,85.88734459299906,1451.8815886637797,0.2667174124750411,10.812342446033078,0.0133195556236798,2024_10_07_randomSampleV3,1700.0,0.0401709270304515,0.055259112230266895,0.0505219674076465,0.8540479933316351
9aed2e5c-7127-46bd-8331-51407d127d8f,152.07093042543832,52.733501311874434,102.305771614358,1392.8897966483291,0.1197749343896882,24.07715783518959,0.0294272264449363,2024_10_07_randomSampleV3,1700.0,0.08945348848555196,0.031019706654043785,0.060179865655504705,0.8193469392048995
48c60f84-a45b-4017-9430-12b3234fdc0e,164.00682064416375,168.06690230436868,240.53299671757728,1127.3932803338903,0.1110580989421422,25.96694907862946,0.0307755092975298,2024_10_07_randomSampleV3,1700.0,0.09647460037891986,0.09886288370845217,0.1414899980691631,0.6631725178434649
5175dc78-a900-486e-8b14-6b0441555fe2,138.78791081914713,124.84767410911957,165.15736302866725,1271.207052043066,0.1312382728926623,21.974077656131964,0.0264902706661816,2024_10_07_randomSampleV3,1699.9999999999998,0.08163994754067479,0.0734398082994821,0.0971513900168631,0.74776885414298
9694a191-11f7-482c-bb4c-e119489126a4,79.93383858200566,154.2415474749872,162.55816361745565,1303.2664503255517,0.227867021494274,12.65580241093583,0.015319421092056,2024_10_07_randomSampleV3,1700.0000000000002,0.04701990504823862,0.09073032204411009,0.09562244918673861,0.7666273237209127
2a0a2e87-67a7-401a-943d-423159a4a939,238.50383687225133,60.76715383365885,222.6365387740717,1178.092470520018,0.0763689421233158,37.76194772140951,0.0449090067681184,2024_10_07_randomSampleV3,1700.0,0.14029637463073608,0.03574538460803462,0.130962669867101,0.6929955708941282
9b9c349b-8f9d-4f0c-829c-fa99e67e90fb,63.14887811736393,82.51106564358193,119.57894105875368,1434.7611151803003,0.2884340348918623,9.998265291685112,0.0122718793761034,2024_10_07_randomSampleV3,1699.9999999999998,0.037146398892567024,0.048535920966812904,0.07034055356397277,0.8439771265766474
ff3ac045-3c39-4fb0-b2c9-bf69d7600548,183.49786694517812,78.52188789816525,183.47711930324903,1254.5031258534077,0.099261566455851,29.05293662963355,0.0348970448670719,2024_10_07_randomSampleV3,1700.0,0.10793992173245771,0.04618934582245014,0.1079277172372053,0.7379430152078869
1edc0740-a22f-4216-bd49-d80627b2fb63,234.0481462855917,98.0877230274302,9.3607506438752,1358.503380043103,0.0778228155332628,37.0564850454093,0.0453756398147733,2024_10_07_randomSampleV3,1700.0000000000002,0.1376753801679951,0.0576986606043707,0.005506323908161881,0.7991196353194723
5452fa4a-b64c-46d7-ace2-bf1b31afc3b3,161.95748597151797,64.0639452090959,250.67388773134803,1223.3046810880385,0.1124633764535521,25.64248105418601,0.0305983312517267,2024_10_07_randomSampleV3,1700.0000000000005,0.09526910939501054,0.037684673652409344,0.1474552280772635,0.7195909888753166
5edc0763-1f2c-44f2-bf68-db785ae258b0,85.98861472003077,178.39813903974527,108.31929731681475,1327.2939489234093,0.21182206241593,13.614445856623488,0.0165718195761315,2024_10_07_randomSampleV3,1700.0,0.050581538070606336,0.10494008178808545,0.06371723371577338,0.7807611464255348
4fd21940-a331-4524-b730-cf76de1b4d8d,50.0,124.0,165.0,1361.0,0.3626822789443211,7.951422408600025,0.0096739219879481,2024_10_14_highlights_replicates,1700.0,0.029411764705882353,0.07294117647058823,0.09705882352941177,0.8005882352941176
8933d4b1-8929-4b58-a491-a0c55df30fed,83.0,58.0,175.0,1384.0,0.2181929202329421,13.216927464563108,0.0160854894089258,2024_10_14_highlights_replicates,1700.0,0.0488235294117647,0.03411764705882353,0.10294117647058823,0.8141176470588235
130093e4-2947-4d37-b73a-ed4c23442ab8,20.0,64.0,49.0,1567.0,0.9037943316576286,3.1908144353050045,0.0039823679231771,2024_10_14_highlights_replicates,1700.0,0.011764705882352941,0.03764705882352941,0.028823529411764706,0.9217647058823529
a3f7d49b-cc77-4468-aae0-ad451027ddc0,181.0,9.0,228.0,1283.0,0.1007433271746606,28.62561800247308,0.0343568351862768,2024_10_14_highlights_replicates,1701.0,0.10640799529688419,0.005291005291005291,0.13403880070546736,0.7542621987066431
f69628da-ff56-4f3a-ba2e-816036b87557,100.0,52.0,15.0,1534.0,0.1829714098338731,15.76115089575115,0.0196304299841148,2024_10_14_highlights_replicates,1701.0,0.058788947677836566,0.030570252792475015,0.008818342151675485,0.9018224573780129
eb5c038c-56ff-4457-93db-9b9702e3ff43,211.0,12.0,61.0,1415.0,0.0863781590983713,33.38621742002805,0.0409399336464846,2024_10_14_highlights_replicates,1699.0,0.12419070041200707,0.007062978222483814,0.03590347263095939,0.8328428487345497
56898b1b-5aed-4595-ade6-5b73d45a7808,101.0,100.0,33.0,1467.0,0.1807631403602393,15.953694952703588,0.0197358794954142,2024_10_14_highlights_replicates,1701.0,0.059376837154614934,0.058788947677836566,0.019400352733686066,0.8624338624338624
ba91b97c-6a58-431f-99ae-091ae1a16bc8,23.0,33.0,19.0,1625.0,0.7794690471515859,3.699749221009375,0.0046496041247907,2024_10_14_highlights_replicates,1700.0,0.013529411764705882,0.019411764705882354,0.011176470588235295,0.9558823529411765
e34d9838-8677-405f-b825-5068facac35e,39.0,137.0,186.0,1338.0,0.4722367515525867,6.106767401136641,0.0074069572647527,2024_10_14_highlights_replicates,1700.0,0.022941176470588236,0.08058823529411764,0.10941176470588235,0.7870588235294118
4ccc9a11-4c0b-48a4-848e-edcdd5c8da69,69.0,19.0,33.0,1579.0,0.2632899430410233,10.953095916582988,0.013683645647598,2024_10_14_highlights_replicates,1700.0,0.04058823529411765,0.011176470588235295,0.019411764705882354,0.9288235294117647
4b56c2d8-0a77-4566-b8fe-51e66454dd75,19.0,48.0,160.0,1472.0,0.942469956960566,3.0598747246016065,0.0037599236093864,2024_10_14_highlights_replicates,1699.0,0.011183048852266038,0.028251912889935255,0.09417304296645085,0.8663919952913478
a6ee3a08-02cd-4703-9d6c-3721dad590c8,91.0,14.0,121.0,1475.0,0.2005504940693647,14.379620520917596,0.0176927203913818,2024_10_14_highlights_replicates,1701.0,0.053497942386831275,0.00823045267489712,0.07113462669018225,0.8671369782480893
8573b7f6-c239-4d33-aa19-58f59c7d0499,80.0,37.0,40.0,1543.0,0.2271872670263818,12.693669138002868,0.0157991563134008,2024_10_14_highlights_replicates,1700.0,0.047058823529411764,0.02176470588235294,0.023529411764705882,0.9076470588235294
3a3f06cf-6324-44c0-9fbe-cbe35289073b,63.0,105.0,116.0,1415.0,0.2876248474590063,10.026393844193237,0.0122900798506506,2024_10_14_highlights_replicates,1699.0,0.03708063566804003,0.06180105944673337,0.06827545615067687,0.8328428487345497
38d80e08-5bd4-4e0e-9d11-a60d55148590,79.0,64.0,236.0,1321.0,0.2300522553299705,12.535586733821086,0.0151176270815778,2024_10_14_highlights_replicates,1700.0,0.04647058823529412,0.03764705882352941,0.1388235294117647,0.7770588235294118
1cd98242-2c09-46dc-8eab-ff593ec4a284,214.0,38.0,109.0,1339.0,0.0851293040860193,33.87599641465421,0.0411459433433597,2024_10_14_highlights_replicates,1700.0,0.12588235294117647,0.02235294117647059,0.06411764705882353,0.7876470588235294
f4b66637-2c73-4d0b-83ba-3f7e3b3f3c06,33.0,147.0,138.0,1383.0,0.5576483705090023,5.1714308738457,0.006317865110694,2024_10_14_highlights_replicates,1701.0,0.019400352733686066,0.08641975308641975,0.08112874779541446,0.8130511463844797
c9f1b338-8d5c-491e-ac9c-cab3df47c1e5,32.0,130.0,89.0,1448.0,0.5710701224679826,5.049887722258984,0.0062230457646941,2024_10_14_highlights_replicates,1699.0,0.01883460859329017,0.07651559741024132,0.052383755150088286,0.8522660388463802
96f2819c-ff4b-467a-a599-1d2a0c792f5f,94.0,54.0,130.0,1422.0,0.1938444130294029,14.877085983192972,0.0182152601444665,2024_10_14_highlights_replicates,1700.0,0.05529411764705883,0.03176470588235294,0.07647058823529412,0.8364705882352941
6411e428-3416-4aad-a246-f50fe8f3fb4b,35.0,116.0,137.0,1413.0,0.5232580757747922,5.511314843502178,0.0067492541315591,2024_10_14_highlights_replicates,1701.0,0.0205761316872428,0.06819517930629042,0.0805408583186361,0.8306878306878307
7c4bcab3-4ce3-4a28-92b1-4f8a04c76603,223.0,10.0,137.0,1331.0,0.08185878006828,35.229452449627665,0.0426706816891131,2024_10_14_highlights_replicates,1701.0,0.13109935332157555,0.005878894767783657,0.0805408583186361,0.7824808935920047
22fc6d75-43ef-41aa-993b-b76a84f4c5af,150.0,32.0,156.0,1362.0,0.1213937725811352,23.7560785753861,0.0288562438682379,2024_10_14_highlights_replicates,1700.0,0.08823529411764706,0.018823529411764704,0.09176470588235294,0.8011764705882353
86a7ac96-49f1-4da4-b518-37e4ab31a099,184.0,77.0,19.0,1421.0,0.0991248702023477,29.093001525380032,0.0358209767515902,2024_10_14_highlights_replicates,1701.0,0.10817166372721929,0.04526748971193416,0.011169900058788948,0.8353909465020576
89639692-ddbf-413e-a0c4-bf75456e2877,152.0,53.0,102.0,1393.0,0.1197749343896882,24.07715783518959,0.0294272264449363,2024_10_14_highlights_replicates,1700.0,0.08941176470588236,0.031176470588235295,0.06,0.8194117647058824
b702c675-432e-4034-b542-ef01ad2fd4ff,63.0,83.0,120.0,1435.0,0.2884340348918623,9.998265291685112,0.0122718793761034,2024_10_14_highlights_replicates,1701.0,0.037037037037037035,0.04879482657260435,0.07054673721340388,0.8436213991769548
3b660550-7e2e-4815-ba89-ac39039b2f38,117.0,112.0,130.0,1342.0,0.1561101578654828,18.473109241776253,0.0224618172592045,2024_10_14_highlights_replicates,1701.0,0.06878306878306878,0.06584362139917696,0.07642563198118754,0.7889476778365667
fe183495-7f7b-4949-bc1b-6c7d1ea634b7,84.0,77.0,135.0,1404.0,0.2166760909652046,13.309451851164818,0.0162701341807865,2024_10_14_highlights_replicates,1700.0,0.04941176470588235,0.045294117647058825,0.07941176470588235,0.8258823529411765
f180c1df-360c-45fe-9547-101530b6135a,109.0,10.0,94.0,1487.0,0.1665502719824544,17.315132336162158,0.0213563389755535,2024_10_14_highlights_replicates,1700.0,0.06411764705882353,0.0058823529411764705,0.05529411764705883,0.8747058823529412
ad3d2a7d-b678-43a0-b803-1cc079e32935,221.0,67.0,155.0,1257.0,0.0822937962289885,35.04322478908985,0.0421496147002248,2024_10_14_highlights_replicates,1700.0,0.13,0.039411764705882354,0.09117647058823529,0.7394117647058823
70246cb4-9be2-45b9-8704-bb3f4ea585c5,89.0,158.0,203.0,1250.0,0.2037437054202128,14.154253227368184,0.0170092037316962,2024_10_14_highlights_replicates,1700.0,0.05235294117647059,0.09294117647058824,0.11941176470588236,0.7352941176470589
01cddefc-e6a6-41aa-9052-06286b12b8fe,40.0,30.0,79.0,1550.0,0.4517100270861366,6.3842727127464896,0.0079369096612574,2024_10_14_highlights_replicates,1699.0,0.023543260741612712,0.017657445556209534,0.04649793996468511,0.9123013537374927
83d8158b-ea97-4925-af7c-8fa89acc9319,57.0,82.0,186.0,1375.0,0.3217330719178427,8.963455273060685,0.0109000537967819,2024_10_14_highlights_replicates,1700.0,0.033529411764705884,0.04823529411764706,0.10941176470588235,0.8088235294117647
b8953350-d5ad-4c99-b929-ebfe8febd0df,138.0,174.0,241.0,1148.0,0.1321925332991253,21.81545302165021,0.025910531416006,2024_10_14_highlights_replicates,1701.0,0.08112874779541446,0.10229276895943562,0.14168136390358613,0.6748971193415638
f9db1144-6916-4420-ae44-2bf5f1313a4d,49.0,13.0,79.0,1559.0,0.3720616808898316,7.750972884665089,0.0096409837200731,2024_10_14_highlights_replicates,1700.0,0.028823529411764706,0.007647058823529412,0.04647058823529412,0.9170588235294118
8f7962c4-620f-42e2-812b-2b161525c034,204.0,125.0,23.0,1348.0,0.089321749662392,32.2859775015604,0.0394929491981558,2024_10_14_highlights_replicates,1700.0,0.12,0.07352941176470588,0.013529411764705882,0.7929411764705883
4b2d55e4-a4ec-419a-aade-a8645321f66a,177.0,97.0,113.0,1312.0,0.1028395428594051,28.04213165302162,0.0340066199626478,2024_10_14_highlights_replicates,1699.0,0.10417892878163626,0.05709240729841083,0.06650971159505592,0.772218952324897
cb613f37-04cf-4232-aa8f-9a57445e5eee,68.0,101.0,155.0,1375.0,0.2688209055331972,10.72773709425612,0.0130702727108956,2024_10_14_highlights_replicates,1699.0,0.04002354326074161,0.0594467333725721,0.09123013537374926,0.809299587992937
852b1fcf-ea63-4436-bd20-9ebf44baf999,21.0,57.0,62.0,1561.0,0.8762296512921101,3.291191978892084,0.0041019214926168,2024_10_14_highlights_replicates,1701.0,0.012345679012345678,0.03350970017636684,0.036449147560258674,0.9176954732510288
f2e85141-9985-49ff-a6bc-17e2ecbcdc8b,253.0,175.0,231.0,1040.0,0.0718715461180387,40.124919467625,0.0471701834527074,2024_10_14_highlights_replicates,1699.0,0.1489111241907004,0.10300176574455562,0.13596233078281342,0.6121247792819305
328c652f-9166-4c49-ad89-6445d14b89f3,134.0,131.0,239.0,1196.0,0.1357944722409224,21.23679964589117,0.0253244937892383,2024_10_14_highlights_replicates,1700.0,0.07882352941176471,0.07705882352941176,0.14058823529411765,0.7035294117647058
0cbe4677-2659-4e7f-993b-222b31ebcb86,155.64625492957006,86.94978943083082,191.7353781605705,1265.6685774790287,0.1755354061284129,24.64323349578541,0.0296285320856664,2024_10_17_RandomBaselineV4,1700.0,0.09155662054680593,0.051146934959312246,0.11278551656504146,0.7445109279288404
ad84fa96-1a1d-4b08-906a-64405d8b14c4,22.54790990356438,101.93326133513106,210.3788026980531,1365.1400260632515,1.211705594366846,3.569976089992673,0.0043338860592723,2024_10_17_RandomBaselineV4,1700.0,0.013263476413861401,0.059960741961841806,0.1237522368812077,0.8030235447430891
50d45172-6479-4d31-9ef6-bea791278606,129.3699279797417,48.84969309826327,126.99382083743492,1394.78655808456,0.211188403658282,20.48294283714265,0.0250080151051116,2024_10_17_RandomBaselineV4,1700.0,0.07609995763514218,0.02873511358721369,0.0747022475514323,0.8204626812262118
bc2a0ee6-c1d0-4437-bf7c-9c3184bef73f,168.44264320120442,126.51746597032036,169.5594979589715,1235.480392869504,0.162200189050662,26.66926607988651,0.0320282760335629,2024_10_17_RandomBaselineV4,1700.0000000000002,0.09908390776541436,0.07442203880607079,0.09974088115233616,0.7267531722761786
517c3f17-e084-4ef0-a79f-a7ee9183f4b9,123.01207818495038,106.47892599457266,25.36767742975814,1445.1413183907189,0.2221036257134882,19.47631420290362,0.0240516540383987,2024_10_17_RandomBaselineV4,1700.0,0.07236004599114729,0.06263466234974863,0.014922163193975376,0.8500831284651288
2811e6fa-3ff3-42bc-a3cf-bcc61a8cf0fd,160.32958215184613,133.86375526943303,140.37025363611818,1265.4364089426026,0.1704079072915738,25.384737532152624,0.0306254228908611,2024_10_17_RandomBaselineV4,1700.0,0.09431151891285067,0.07874338545260766,0.08257073743301069,0.744374358201531
cf246b70-a191-4b99-bd9b-0847ce01744b,190.43158689671557,106.91726866404689,116.9832548064057,1285.667889632832,0.1434710964533783,30.150741905047603,0.0364672475718992,2024_10_17_RandomBaselineV4,1700.0,0.11201858052747975,0.06289251097885111,0.0688136792978857,0.7562752291957835
61c91192-9f3f-4836-8619-c4a50808f7b6,46.98708867183776,83.06540986092098,217.4688432015636,1352.4786582656775,0.5814667250879065,7.439393886805869,0.0090125658725839,2024_10_17_RandomBaselineV4,1699.9999999999998,0.02763946392461045,0.04886200580054176,0.12792284894209624,0.7955756813327516
5a63723b-d247-4738-8b0e-5130a06e53d0,150.412449309095,108.95863774324638,69.48872225746975,1371.1401906901888,0.1816433991795686,23.81457305653948,0.0291243736321133,2024_10_17_RandomBaselineV4,1700.0,0.08847791135829117,0.0640933163195567,0.040875718974982204,0.8065530533471699
8209442c-5fed-4dc0-ad42-c083465e58eb,90.909733432587,12.620472301973557,179.18891325412127,1417.280881011318,0.3005335901868906,14.393599055965662,0.0175562718843929,2024_10_17_RandomBaselineV4,1699.9999999999998,0.05347631378387471,0.0074238072364550345,0.10540524309065959,0.8336946358890106
bb19470e-967e-4dcd-970d-4fd3588246f3,223.6768324055456,19.632591800367216,43.61645315914968,1413.074122634937,0.1221468861016971,35.414410780791066,0.0434599827407492,2024_10_17_RandomBaselineV4,1699.9999999999995,0.1315746072973798,0.011548583411980718,0.025656737152440993,0.8312200721381985
decddea8-7eee-4ca3-9344-5b6f201057b3,199.2606381521344,54.89395021583146,221.48885291140547,1224.3565587206288,0.1371140272599589,31.548632087063204,0.0376923087822187,2024_10_17_RandomBaselineV4,1700.0,0.11721214008949082,0.032290558950489094,0.13028756053612087,0.7202097404238993
551d8cf4-45f3-4211-bff9-bac1f9870ec6,203.9822796336414,68.18527096822602,139.3280117250047,1288.5044376731278,0.1339402060830907,32.296202361496185,0.0389976025544609,2024_10_17_RandomBaselineV4,1700.0,0.11998957625508318,0.040108982922485895,0.08195765395588511,0.7579437868665457
44e72ee1-8a86-4ffd-8aca-07ceafe5a474,81.61051114917313,120.6167136955468,140.17172272446018,1357.60105243082,0.3347783047393079,12.921267414172709,0.0157323560963144,2024_10_17_RandomBaselineV4,1700.0,0.04800618302892538,0.07095100805620401,0.08245395454380011,0.7985888543710705
7586d345-a4e0-455e-aaf8-ee04edab6bdd,126.99517741662324,132.78005569546536,177.59099288489008,1262.6337740030212,0.2151375282684733,20.10695221245556,0.0242087793418178,2024_10_17_RandomBaselineV4,1700.0,0.07470304553919013,0.07810591511497962,0.10446528993228829,0.7427257494135419
56451304-05fb-48e6-a226-ce4c2bbd1de3,110.36324816825308,176.79470494802734,43.22011758406542,1369.6219292996543,0.2475591197694362,17.47364429162937,0.0214272009153524,2024_10_17_RandomBaselineV4,1700.0,0.06491955774603123,0.1039968852635455,0.025423598578862013,0.8056599584115613
bcd48064-47e5-45b2-86b0-cf53533c584a,88.61956318306164,86.9836738415266,165.8913725899079,1358.505390385504,0.3083001945630293,14.030999902971637,0.0170510630004256,2024_10_17_RandomBaselineV4,1700.0,0.05212915481356567,0.05116686696560388,0.09758316034700464,0.7991208178738258
ced08f31-8bee-4e63-96d4-cdb059f6ab5c,96.77584640452848,80.74671634313023,230.21773758128776,1292.2596996710536,0.2823166067411435,15.322371751110962,0.0184366187231713,2024_10_17_RandomBaselineV4,1700.0,0.05692696847325205,0.04749806843713543,0.1354221985772281,0.7601527645123844
8bba99d5-9522-404d-8c7c-f9c527c491bd,167.33902120156455,78.82868480889103,140.58881259013992,1313.2434813994043,0.1632699198026212,26.494531296576,0.0320794282818289,2024_10_17_RandomBaselineV4,1699.9999999999998,0.09843471835386151,0.046369814593465314,0.08269930152361173,0.7724961655290615
8a0bd2de-3c21-4148-b402-efebe0043e63,113.030592901476,63.731618844453806,237.9509048032026,1285.2868834508674,0.2417171127753307,17.895960903772142,0.0215017752254502,2024_10_17_RandomBaselineV4,1699.9999999999998,0.06648858405969177,0.03748918755556107,0.13997112047247215,0.756051107912275
e0ec3c4c-a1d6-4cbc-8c5c-3ed0b7a0f7eb,146.44687464471454,158.74105761902905,36.056991411296025,1358.7550763249603,0.1865620460505651,23.18670968492467,0.0283981911680057,2024_10_17_RandomBaselineV4,1700.0,0.08614522037924385,0.09337709271707591,0.021209994947821192,0.799267691955859
b59dad1a-4440-453a-b36a-9efd6e49a282,238.20037812529128,76.12805815366548,50.55219549194455,1335.1193682290989,0.1146993501288975,37.71390156211671,0.0459562157641386,2024_10_17_RandomBaselineV4,1700.0000000000002,0.14011786948546545,0.04478121067862675,0.029736585583496792,0.785364334252411
d0e19177-de83-4147-ad9f-8c5e3a0aeedd,141.24788696595962,170.84548944547592,237.48105910478677,1150.425564483778,0.1934289365901308,22.363561917140323,0.026571694839994,2024_10_17_RandomBaselineV4,1700.0000000000005,0.0830869923329174,0.10049734673263287,0.13969474064987453,0.6767209202845752
759bc1ef-f128-4db0-afec-489804bd5a62,95.17087876167,33.45858411355244,217.2584739475308,1354.112063177247,0.2870776116278991,15.068259678873575,0.0182366245876499,2024_10_17_RandomBaselineV4,1700.0,0.05598286985980588,0.019681520066795553,0.12779910232207695,0.7965365077513217
12c4e8af-0a76-4acd-8b5b-1df74835314b,85.54371801848315,126.91053627889076,252.2372023228085,1235.3085433798176,0.3193855633621784,13.544006042297704,0.0162037216584431,2024_10_17_RandomBaselineV4,1700.0,0.0503198341285195,0.07465325663464162,0.14837482489576972,0.7266520843410692
2fe718dc-74ff-49c9-9b8e-cb670d34609a,223.29703255436195,93.76323350021264,112.80841256897156,1270.1313213764538,0.1223546424190708,35.35427765122352,0.0426880212230527,2024_10_17_RandomBaselineV4,1700.0,0.1313511956202129,0.0551548432354192,0.06635788974645386,0.747136071397914
4d7a512c-91d5-4120-a01b-437e6b4da131,70.29657568407376,17.698660306678804,165.00664976766615,1446.998114241581,0.3886594518375446,11.12994931564953,0.0136280484050812,2024_10_17_RandomBaselineV4,1699.9999999999998,0.04135092687298457,0.010410976650987534,0.09706273515745069,0.8511753613185772
96a5aa2e-048a-4571-a3a6-c17727fab48f,142.6260881538456,20.93246019348532,47.75898680862799,1488.682464844041,0.1915598255906586,22.581770403381203,0.027926961417842,2024_10_17_RandomBaselineV4,1700.0,0.08389769891402682,0.012313211878520776,0.02809352165213411,0.8756955675553183
f2d859e5-9e71-4266-b228-e6b8593e62cb,221.50063287594315,75.82943726102489,232.259177698512,1170.41075216452,0.1233469548898788,35.06985643757427,0.0416713347694145,2024_10_17_RandomBaselineV4,1700.0,0.1302944899270254,0.04460555133001464,0.13662304570500705,0.688476913037953
151290aa-8243-483b-aee7-2a54cf7d0770,114.0061814396,88.40270167903581,119.73405989126056,1377.8570569901035,0.2396486596290689,18.05042434493673,0.0220276738451436,2024_10_17_RandomBaselineV4,1700.0,0.06706245967035294,0.05200158922296225,0.07043179993603563,0.8105041511706491
5faaa039-aba8-454f-82f1-6b89e4d3af74,27.64303785602368,76.98424081931687,54.01165050262097,1541.3610708220383,0.9883656316548788,4.37667990615692,0.0054484513212637,2024_10_17_RandomBaselineV4,1699.9999999999998,0.01626061050354334,0.045284847540774636,0.03177155911918881,0.9066829828364933
b11e3332-6901-4548-8aeb-f943dcab6413,155.97746018594236,121.77039936091498,133.46621916258053,1288.785921290562,0.1751626711888911,24.695672717477617,0.0298664738462841,2024_10_17_RandomBaselineV4,1700.0,0.09175144716820138,0.07162964668289117,0.0785095406838709,0.7581093654650365
65dac5d7-a24f-4cc5-8fe0-6be423c0b56a,188.2267752057984,149.17151408865396,132.83360963456497,1229.7681010709828,0.1451516583735581,29.80165744208963,0.0358488627763009,2024_10_17_RandomBaselineV4,1700.0,0.11072163247399905,0.0877479494639141,0.07813741743209704,0.7233930006299899
aa0d0fb6-a567-4499-b7f1-5ef93fb0cd4a,142.8214880709285,157.22895374120404,135.16557995374305,1264.783978234124,0.1912977447613492,22.612707773406004,0.0273008070079051,2024_10_17_RandomBaselineV4,1699.9999999999995,0.08401264004172267,0.0924876198477671,0.0795091646786724,0.7439905754318379
5c3bd7bb-b2bb-4139-a747-2edf4a46da13,207.65506266065688,34.14190444998718,70.54732044019897,1387.6557124491571,0.1315712134409954,32.87770848096597,0.0402036435388804,2024_10_17_RandomBaselineV4,1700.0000000000002,0.12215003685920992,0.020083473205874808,0.041498423788352334,0.8162680661465629
49908a7b-72dd-4050-aab5-05b2807f82f8,60.41055320112111,94.25818592087718,21.613657496046145,1523.7176033819558,0.4522625124863372,9.564710495722728,0.0119081750730415,2024_10_17_RandomBaselineV4,1700.0000000000002,0.035535619530071234,0.05544599171816304,0.01271391617414479,0.8963044725776209
5dca1867-c2bf-4e16-893b-57ec828b4951,94.7331451536853,141.7025515419132,95.77743791179893,1367.7868653926027,0.2884041116454552,14.99895398619629,0.0183284613554714,2024_10_17_RandomBaselineV4,1700.0000000000002,0.05572537950216781,0.08335444208347835,0.05633966935988172,0.8045805090544721
21ae2275-1852-4a8d-b2dc-6ec0b850491a,83.55267626635825,104.1738657594636,91.42938123616211,1420.8440767380162,0.3269964505305656,13.228767446806447,0.0162434080185884,2024_10_17_RandomBaselineV4,1700.0,0.049148633097857795,0.06127874456439035,0.053781988962448304,0.8357906333753036
d112b2bd-0447-459e-b875-15fb7e52b51f,113.71341500346873,66.36609629153601,222.16090485157076,1297.7595838534246,0.2402656588107494,18.004071082864492,0.0216763028898161,2024_10_17_RandomBaselineV4,1700.0,0.06689024411968748,0.03903888017149177,0.13068288520680632,0.7633879905020144
69bb4bea-49e0-4142-b3d6-7c4fbe1993f7,90.5181685389219,94.7141112803057,192.9616174510417,1321.8061027297308,0.3018336430401885,14.331603185215622,0.0173321562320678,2024_10_17_RandomBaselineV4,1700.0,0.05324598149348347,0.05571418310606218,0.11350683379473041,0.777533001605724
f9b8246e-8b80-4955-9560-ada457bad27c,51.40415467321873,27.952414751052856,43.54553036391735,1577.097900211811,0.5315023414958107,8.138741191291809,0.0101631208346942,2024_11_04_OptimizationRound1,1700.0,0.03023773804306984,0.016442596912384033,0.025615017861127853,0.9277046471834183
56faa977-e163-444a-9156-e2fa4f7fe338,20.5310583114624,13.73637057840824,12.09820406511426,1653.634367045015,1.3307364947755826,3.250651062011719,0.0040971384613976,2024_11_04_OptimizationRound1,1700.0,0.012077093124389647,0.008080217987298964,0.0071165906265378,0.9727260982617736
da8a1479-69d0-45be-b579-65c7a1dfa21b,19.424943998456,10.564707685261965,11.428265972062944,1658.582082344219,1.4065126042886005,3.075521674537659,0.0038782783504035,2024_11_04_OptimizationRound1,1700.0,0.011426437646150589,0.006214533932507038,0.0067225093953311435,0.9756365190260112
a20c37f0-5b38-4a7c-bee3-d0d3d116c9e0,19.39093424007297,10.795518383383753,14.617080986499786,1655.1964663900435,1.408979486659626,3.070136961507797,0.0038695132149948,2024_11_04_OptimizationRound1,1700.0,0.011406431905925276,0.006350304931402207,0.008598282933235168,0.9736449802294374
c0c257a6-ec89-4274-8d2a-38b479f2eece,52.69578453153372,9.986297972500324,45.47329992055893,1591.844617575407,0.5184746524663493,8.343242971324921,0.0104292558645222,2024_11_04_OptimizationRound1,1700.0,0.030997520312666893,0.005874292925000191,0.02674899995326996,0.936379186809063
0ec4dd81-7487-4689-96b9-b0f646a2047d,19.50698159635067,26.6072615981102,44.22314800322056,1609.6626088023186,1.400597444380622,3.088510561943054,0.0038698097766444,2024_11_04_OptimizationRound1,1700.0,0.011474695056676865,0.01565133035182953,0.02601361647248268,0.9468603581190109
ab43267e-6f46-4c9a-bc6a-ba6240fcb2fb,52.10786424577236,28.13500128686428,45.458031073212624,1574.2991033941507,0.5243244751418732,8.250158451652528,0.010298303550888,2024_11_04_OptimizationRound1,1700.0,0.03065168485045433,0.01655000075697899,0.026740018278360367,0.9260582961142063
23709b8a-dfbe-4f00-b9a7-644344ee10e2,25.87360804900527,9.969553537666798,37.54359409213066,1626.6132443211973,1.055957426566913,4.09652879099846,0.0051416487158435,2024_11_04_OptimizationRound1,1700.0,0.015219769440591335,0.0058644432574510574,0.022084467113018036,0.9568313201889396
74579cb8-62f3-4d9e-8f66-6ca76a8ff53a,29.22111600637436,26.23587269335985,13.323223497718573,1631.2197878025472,0.9349892237335704,4.626534606170655,0.0058188155182265,2024_11_04_OptimizationRound1,1700.0,0.017188891768455505,0.015432866290211676,0.007837190292775631,0.9595410516485572
bfcf29cb-db74-40a1-9d27-911985c3f28f,22.154109552502632,9.392499877139926,9.732500091195108,1658.7208904791623,1.2332442658857492,3.507626282691956,0.0044234702026523,2024_11_04_OptimizationRound1,1700.0,0.01303182914853096,0.005524999927729368,0.005725000053644181,0.9757181708700955
defeadd7-5618-448a-bc01-6cf057fbe1ac,35.841285437345505,10.566233936697245,29.596972838044167,1623.995507787913,0.7622893051419549,5.674695907211304,0.0071232892873356,2024_11_04_OptimizationRound1,1700.0,0.021083109080791473,0.0062154317274689674,0.01740998402237892,0.9552914751693606
81c548b0-7ef9-4ff0-b4e6-8977a3bb8ae4,49.79843366891146,24.267187248915437,34.39897783100605,1591.535401251167,0.5486403197553782,7.884509840488434,0.0098641635712085,2024_11_04_OptimizationRound1,1700.0,0.02929319627583027,0.014274816028773786,0.020234692841768265,0.9361972948536277
82d46018-8a24-4bb2-92b6-b4626d334344,29.227800481021404,12.390800239518285,32.90291260927916,1625.4784866701812,0.9347753892452256,4.627592948818207,0.0058091396023583,2024_11_04_OptimizationRound1,1700.0,0.017192823812365532,0.00728870602324605,0.019354654476046566,0.9561638156883419
ea0d2ca6-8818-45f8-b5e3-04858133284a,49.78606216609478,21.113567054271694,27.61511318385601,1601.4852575957775,0.5487766531982312,7.882551079368591,0.0098745873933025,2024_11_04_OptimizationRound1,1700.0,0.029285918921232224,0.012419745326042174,0.016244184225797653,0.942050151526928
a3e0413e-4e1b-4f07-930b-690692b49c03,34.21388976275921,16.00809134542942,35.1210530847311,1614.6569658070805,0.7985478634810803,5.417032839012147,0.0067921992555798,2024_11_04_OptimizationRound1,1700.0000000000002,0.020125817507505413,0.009416524320840834,0.020659442991018292,0.9497982151806355
12720234-74cc-4a1a-9cdc-cad646138159,37.738947942852974,9.392499877139926,9.732500091195108,1643.136052088812,0.7239584053270547,5.97514990940094,0.0075227379141526,2024_11_04_OptimizationRound1,1700.0,0.02219938114285469,0.005524999927729368,0.005725000053644181,0.9665506188757718
86790201-b18a-4f73-907d-61e0d3d0c114,38.23610693216324,14.646380580961704,27.962610870599747,1619.1549016162753,0.7145452495961738,6.053864331817628,0.0075966910987581,2024_11_04_OptimizationRound1,1700.0,0.022491827607154846,0.008615517988801003,0.016448594629764557,0.9524440597742796
8d373b7d-c3a9-4148-8bcd-46021e36cb01,20.613133907318115,27.36947536468506,34.96015705168247,1617.0572336763144,1.3254378831609328,3.2636459655761723,0.0040943626363443,2024_11_04_OptimizationRound1,1700.0,0.012125372886657715,0.01609969139099121,0.020564798265695572,0.9512101374566555
be0d7554-70c4-4a1f-a312-eea5e9ae1e45,42.06967372447252,13.507700432091951,38.02093081176281,1606.4016950316727,0.649432861076251,6.660827098941804,0.008342753743711,2024_11_04_OptimizationRound1,1700.0,0.024746866896748543,0.007945706136524677,0.022365253418684006,0.9449421735480428
6791de91-caa6-4665-b50a-a0fcbadffcab,40.47092217952013,23.56477277353406,38.08594532310963,1597.8783597238362,0.675087868031193,6.407699211978913,0.0080203900838776,2024_11_04_OptimizationRound1,1700.0,0.02380642481148243,0.013861631043255329,0.022403497248888016,0.9399284468963742
131f3c99-0c3f-430d-880c-effef7248f1f,52.70000230520964,20.530716329813004,11.336402734741569,1615.4328786302358,0.7200460514529691,8.343910764980317,0.0104760972848192,2024_11_11_OptimizationRound2,1700.0,0.03100000135600567,0.012076891958713531,0.006668472196906805,0.950254634488374
3988b456-0f05-4af3-af65-7da9eab0ee6c,52.70000230520964,9.81407300569117,11.26793515868485,1626.2179895304143,0.7200460514529691,8.343910764980317,0.0104854232758089,2024_11_11_OptimizationRound2,1700.0,0.03100000135600567,0.005772984120994806,0.006628197152167559,0.956598817370832
9184744f-b57b-466e-ac26-2628b429fdda,25.406109634786844,28.13500128686428,45.475003495812416,1600.9838855825365,1.493594616291474,4.02251048207283,0.0050353277549445,2024_11_11_OptimizationRound2,1700.0,0.014944770373404026,0.01655000075697899,0.026750002056360245,0.9417552268132567
37300e48-9860-4742-8c2b-0ca12c5d51d1,50.6558133289218,18.661142233759165,14.006110187619925,1616.6769342496991,0.7491031350149729,8.020257450771332,0.0100693170532897,2024_11_11_OptimizationRound2,1700.0,0.02979753725230694,0.010977142490446568,0.00823888834565878,0.9509864319115877
3af12ee2-596f-48b6-8c5b-565269a55562,20.762388315051798,18.55886280536652,29.3781204149127,1631.300628464669,1.827652387366203,3.2872771876811986,0.0041304860866024,2024_11_11_OptimizationRound2,1700.0,0.012213169597089292,0.010916978120803835,0.017281247302889824,0.959588604979217
13a21dba-b25c-4ec6-945b-e13b30d2d50f,29.382917657494545,18.11297256499529,43.007903546094894,1609.4962062314153,1.291445220442558,4.652152414131165,0.0058280384609245,2024_11_11_OptimizationRound2,1700.0,0.01728406921029091,0.010654689744114876,0.025298766791820526,0.9467624742537737
0799ec06-5d0f-4589-a10c-b9a98c310f5c,22.21345761790872,14.129779301583769,23.28002555295825,1640.3767375275493,1.7082630369454854,3.517022771120072,0.0044242607681018,2024_11_11_OptimizationRound2,1700.0,0.013066739775240423,0.00831163488328457,0.013694132678210735,0.9649274926632643
02bb1532-f5b4-4970-a885-68b4b420114e,46.285829320549965,22.4884076975286,28.822210244834423,1602.403552737087,0.8198282093777054,7.328364566230774,0.0091810191546853,2024_11_11_OptimizationRound2,1700.0,0.02722695842385292,0.013228475116193295,0.016954241320490837,0.942590325139463
4d0ecb5c-939e-4cf3-ad18-c4651703d936,28.81803046911955,9.392499877139926,9.9948198068887,1651.7946498468518,1.31675995734999,4.562714689540863,0.005749714481902,2024_11_11_OptimizationRound2,1700.0,0.016951782628893852,0.005524999927729368,0.0058793057687580585,0.9716439116746187
9cabbf21-c7c6-4d8c-b88f-27e18a59fa8d,19.379998743534088,28.13500128686428,11.89337051473558,1640.591629454866,1.958020177069875,3.0684055610656737,0.0038634533442081,2024_11_11_OptimizationRound2,1700.0,0.011399999260902405,0.01655000075697899,0.006996100302785635,0.965053899679333
5f681f1c-0c9a-4fe9-822f-9b8173449c11,33.593402057886124,20.2401839196682,36.53686344623566,1609.62955057621,1.1295798057619044,5.318791969680786,0.0066656914328912,2024_11_11_OptimizationRound2,1700.0,0.019760824739933014,0.011905990540981294,0.02149227261543274,0.946840912103653
7371d32e-f23b-42a1-93d2-565008fc710f,41.865602508187294,28.13500128686428,29.310081899166107,1600.6893143057823,0.9063867781195246,6.628516815376282,0.0083036805443778,2024_11_11_OptimizationRound2,1700.0,0.024626825004816055,0.01655000075697899,0.0172412246465683,0.9415819495916367
29583b9e-3026-4b38-b781-e1b63ff2fa04,40.520601347088814,9.392499877139926,36.374713480472565,1613.7121852952987,0.9364724932482972,6.415564838600159,0.0080416308068998,2024_11_11_OptimizationRound2,1700.0,0.023835647851228714,0.005524999927729368,0.02139689028263092,0.949242461938411
d298bae0-5f86-4a29-b399-111644195748,19.379998743534088,28.13500128686428,45.475003495812416,1607.0099964737892,1.958020177069875,3.0684055610656737,0.0038434479703936,2024_11_11_OptimizationRound2,1700.0,0.011399999260902405,0.01655000075697899,0.026750002056360245,0.9452999979257584
c1a8b4e0-1bd4-4ea2-9cb4-f3a5e09fb320,31.735023111104965,13.527698442339895,16.593190282583237,1638.144088163972,1.1957271446936513,5.02455767326355,0.0063211164096005,2024_11_11_OptimizationRound2,1700.0,0.018667660653591156,0.007957469671964644,0.009760700166225433,0.9636141695082188
21d4f4ac-db02-41f9-b1ad-00c2e61fc894,52.70000230520964,28.13500128686428,45.475003495812416,1573.6899929121137,0.7200460514529691,8.343910764980317,0.0104146509280112,2024_11_11_OptimizationRound2,1700.0,0.03100000135600567,0.01655000075697899,0.026750002056360245,0.9256999958306551
3f24b844-1e01-4b2d-976d-9083d8131fe3,25.49308380112052,13.312870636582376,38.00649791955948,1623.1875476427376,1.4884989539696518,4.036280968809129,0.005064484906008,2024_11_11_OptimizationRound2,1700.0,0.014995931647717953,0.007831100374460222,0.02235676348209381,0.954816204495728
1e26acd9-0b68-4941-96c0-f56653643d27,23.959984816610813,21.881725918501616,28.99543661624193,1625.1628526486456,1.5837417620198713,3.79354775133133,0.0047639794100865,2024_11_11_OptimizationRound2,1700.0,0.01409410871565342,0.012871603481471539,0.017056139186024662,0.9559781486168504
1af462f0-d499-436c-bf10-135830a958c5,41.126833483576775,22.43086453527212,44.40748877823353,1592.0348132029176,0.9226683738387434,6.511548645591737,0.0081426334901413,2024_11_11_OptimizationRound2,1700.0,0.02419225499033928,0.013194626197218895,0.02612205222249031,0.9364910665899515
d027691b-6a39-43f7-8527-56dd93433485,29.06423509120941,20.21874515339732,26.666750572621822,1624.0502691827714,1.3056056163991605,4.601695890808106,0.0057785906902616,2024_11_11_OptimizationRound2,1700.0,0.017096608877182007,0.011893379501998425,0.01568632386624813,0.9553236877545714
97eb1065-a266-4bf0-8d3d-70c6c45e135d,16.99999962002039,59.88666117191315,177.90010794997215,1445.2132312580943,2.232142907035138,2.69158393983841,0.0032964051233171,2024_11_14_OptimRound3,1700.0,0.009999999776482582,0.035227447748184204,0.10464712232351303,0.8501254301518202
e7968010-0689-42a7-8797-2a3e9b7ae66c,128.72355207800865,59.97693799436093,253.6256492137909,1257.6738607138395,0.2947900983064264,20.380603129196167,0.0243986854163273,2024_11_14_OptimRound3,1700.0,0.07571973651647568,0.035280551761388786,0.14919155836105347,0.7398081533610821
fd6bad8e-aedb-430a-a5bd-e667c317cbb5,16.99999962002039,8.499999810010195,243.6052575707436,1430.894742999226,2.232142907035138,2.69158393983841,0.0032774116121715,2024_11_14_OptimRound3,1700.0000000000002,0.00999999977648258,0.00499999988824129,0.1432972103357315,0.8417027899995446
9d522d04-006c-4226-847e-27f987ea389d,217.16891080141068,125.96806660294531,120.62704786658288,1236.2359747290611,0.1747323243985348,34.38402150650025,0.0413892273324143,2024_11_14_OptimRound3,1700.0,0.12774641811847687,0.07409886270761488,0.07095708698034288,0.7271976321935654
9f62f2c7-89e5-4122-8d6c-f876026d5975,72.11060523986816,81.8267472088337,74.42644163966179,1471.6362059116364,0.5262253512531736,11.417161840820311,0.0140972435114502,2024_11_14_OptimRound3,1700.0,0.04241800308227539,0.048133380711078644,0.043780259788036346,0.8656683564186096
46a44e80-dbc4-4e33-906e-dcfc99b242f2,248.1955885887146,102.8377704322338,211.9598463177681,1137.0067946612835,0.1528892144586408,39.29642794799805,0.0466089265547423,2024_11_14_OptimRound3,1700.0,0.14599740505218506,0.06049280613660812,0.12468226253986359,0.6688275262713432
23754685-93a7-40a9-aefd-34d561daf1a9,149.00681301951408,65.51895327866077,22.988699935376644,1462.4855337664485,0.2546623728302884,23.592020812606812,0.0291617842969187,2024_11_14_OptimRound3,1700.0,0.08765106648206711,0.0385405607521534,0.013522764667868614,0.8602856080979109
c8a04429-83dd-4779-a587-8e58a018413f,225.2060368657112,8.499999810010195,199.48635697364807,1266.8076063506303,0.1684964981380839,35.65652738418579,0.042781116190824,2024_11_14_OptimRound3,1699.9999999999998,0.13247413933277133,0.004999999888241292,0.11734491586685182,0.7451809449121356
326de561-5b2e-46d0-a192-b9bff6174040,16.99999962002039,186.99999898672104,102.63076387345792,1393.369237519801,2.232142907035138,2.69158393983841,0.003300298009825,2024_11_14_OptimRound3,1700.0000000000002,0.00999999977648258,0.10999999940395354,0.0603710375726223,0.8196289632469416
ee49095a-c041-4633-b695-6863ffcee3fa,81.91134333610535,138.4432278573513,146.0335485637188,1333.6118802428246,0.4632621933170314,12.9688977142334,0.0157536851241553,2024_11_14_OptimRound3,1700.0,0.0481831431388855,0.08143719285726547,0.08590208739042282,0.7844775766134262
80a0d61f-b6eb-4ce7-87e3-fa6ae0e37e4c,149.5167963206768,64.15368020534515,95.68599686026572,1390.6435266137123,0.2537937509712474,23.672765688705447,0.0289430720795189,2024_11_14_OptimRound3,1700.0,0.08795105665922165,0.03773745894432068,0.05628588050603866,0.818025603890419
0b01d93a-fb4d-400b-aff8-0a7d907a56c8,16.99999962002039,39.89885970950127,118.0612102150917,1525.0399304553866,2.232142907035138,2.69158393983841,0.0033317899393447,2024_11_14_OptimRound3,1700.0,0.009999999776482582,0.023469917476177216,0.06944777071475983,0.8970823120325804
61d40454-5d5c-4663-a704-f6f59478e7b9,107.24771246314047,95.05521170794964,47.830573096871376,1449.8665027320385,0.3538204004534849,16.980366288375855,0.0209516843693932,2024_11_14_OptimRound3,1700.0,0.06308688968420027,0.055914830416440964,0.02813563123345375,0.852862648665905
ff80ecc0-2e1e-4fbd-ae0a-edeb9a9ff1dd,126.79076045751572,32.99810383468866,255.0000101327896,1285.211125575006,0.2992838629132083,20.074587187957768,0.0240829866009091,2024_11_14_OptimRound3,1700.0,0.07458280026912689,0.019410649314522743,0.15000000596046448,0.7560065444558859
a6621988-f817-478a-9202-f2eda1c99aef,210.6174036860466,16.818312369287014,78.0192881822586,1394.5449957624078,0.1801675830549729,33.346731404876714,0.0407752161864934,2024_11_14_OptimRound3,1700.0,0.12389259040355682,0.009893124923110008,0.045893698930740356,0.8203205857425928
7f042b90-a311-4af9-bb43-69e8c874b62c,16.99999962002039,49.94999803602696,92.8689420223236,1540.181060321629,2.232142907035138,2.69158393983841,0.0033419030878887,2024_11_14_OptimRound3,1700.0,0.009999999776482582,0.029382351785898212,0.05462878942489623,0.905988859012723
a53538a9-2e62-41df-ab0b-de034c8bd0aa,16.99999962002039,21.387521270662543,165.74426889419556,1495.8682102151215,2.232142907035138,2.69158393983841,0.0033126780850587,2024_11_14_OptimRound3,1700.0,0.009999999776482582,0.012580894865095614,0.0974966287612915,0.8799224765971303
1a084599-bbe6-4de7-89ef-9791617c5e9f,16.99999962002039,26.97398941963911,130.2166186273098,1525.8093923330307,2.232142907035138,2.69158393983841,0.0033291025277557,2024_11_14_OptimRound3,1700.0,0.009999999776482582,0.015867052599787712,0.07659801095724106,0.8975349366664886
d8a17275-4162-4633-bb9d-09d514ab7cb9,16.99999962002039,33.144234493374825,144.48124319314957,1505.3745226934552,2.232142907035138,2.69158393983841,0.0033202362382286,2024_11_14_OptimRound3,1700.0,0.009999999776482582,0.019496608525514603,0.08498896658420563,0.8855144251137972
4cc6ca70-fd71-4099-a5dc-4f04f5a0558e,221.8213304877281,38.78817930817604,147.08373621106148,1292.3067539930344,0.1710675365980093,35.12063199996949,0.0423801441141593,2024_11_14_OptimRound3,1700.0,0.1304831355810165,0.022816576063632965,0.08651984483003616,0.7601804435253143
