,uuid,teos_volume,ammonia_volume,water_volume,ethanol_volume,teos_vol_frac,ammonia_vol_frac,water_vol_frac,ethanol_vol_frac
0,4bec4e18-80bb-44d9-8508-cc464f14b287,50.2210523417439,124.2406098557808,164.94082575473143,1360.597512047744,0.0295417954951434,0.073082711679871,0.097024015149842,0.8003514776751435
1,a180d359-a229-4b3e-a615-2991fd549f42,166.90637082978213,105.54729587184796,82.83123966184186,1344.715093636528,0.0981802181351659,0.0620866446304988,0.0487242586246128,0.7910088786097224
2,3584700a-8b01-4e59-a53a-1300fd3fac0a,83.47789513445348,57.71626609380468,175.10171902700475,1383.7041197447372,0.0491046441967373,0.0339507447610615,0.1030010111923557,0.8139435998498454
3,0e6edb88-77c3-4984-a38d-198341bba9e1,190.43688659323485,103.85934509699324,139.81285817734036,1265.8909101324314,0.1120216979960205,0.061093732409996,0.0822428577513767,0.7446417118426067
4,68831f53-4a51-4f12-b385-10c50c8fab46,75.22550384759337,170.91415924001222,187.560764311135,1266.2995726012591,0.0442502963809372,0.1005377407294189,0.1103298613594912,0.7448821015301527
5,fed3ab35-04e9-4916-8527-8627191a3bdc,20.15313116744084,63.83954787011946,49.461665199018725,1566.5456557634209,0.011854783039671,0.0375526752177173,0.0290950971758933,0.921497444566718
6,32ec16b1-c5b5-4d8b-b396-cd1ad4b740d9,180.7989295678836,8.839735230185184,227.60965678943137,1282.7516784124998,0.1063523115105197,0.0051998442530501,0.1338880334055478,0.7545598108308822
7,a4d8a8f6-2654-490f-b14a-02d3fb1f94b2,247.36551526512807,88.81269067913773,77.66185479923394,1286.1599392565,0.1455091266265459,0.0522427592230222,0.0456834439995493,0.7565646701508824
8,770a433d-0480-4cee-bf12-ce066c24db55,99.54716822056066,52.05975691675929,14.533589052896684,1533.8594858097836,0.0585571577768003,0.0306233864216231,0.0085491700311156,0.9022702857704608
9,41414be7-3e27-4b4d-b70e-e31d54a733d3,141.39397785460312,8.798970601811643,12.093150499517836,1537.7139010440674,0.0831729281497665,0.0051758650598892,0.0071136179408928,0.9045375888494512
10,6b50a94f-b7f2-402e-a210-e89f507b8861,236.7727433174201,161.03389912605078,71.02939845947752,1231.1639590970517,0.1392780843043647,0.0947258230153239,0.0417819990938103,0.724214093586501
11,fa1dfc55-e5e0-4514-a66a-e29a5351518a,212.8129276281497,116.07062358277798,172.18175012870827,1198.934698660364,0.1251840750753821,0.0682768374016341,0.1012833824286519,0.7052557050943317
12,ef17f542-90a3-44a8-a6b8-acb920953fab,79.09535853399576,32.61406968364799,105.16065324053848,1483.129918541818,0.0465266814905857,0.0191847468727341,0.061859207788552,0.8724293638481281
13,23850c30-c572-41ad-abf0-7e1bd4fa7397,210.8667967042741,12.467859020547303,61.26151288896466,1415.403831386214,0.1240392921789847,0.007334034717969,0.0360361840523321,0.8325904890507142
14,4ab46dcc-3395-4e7b-bb87-52e805e12abb,100.76327329779082,99.75853847640528,32.791727661481595,1466.6864605643225,0.0592725137045828,0.0586814932214148,0.0192892515655774,0.8627567415084249
15,657e707f-abc9-4f86-ae1e-9e59efb6e1f9,201.602262542762,166.8734375746814,175.2535115044569,1156.2707883780995,0.1185895662016247,0.0981608456321655,0.1030903008849746,0.6801592872812351
16,96ef6012-d812-4975-8b77-8ed7e78669fb,231.0303178338392,58.108500544687296,21.69057434927056,1389.170607272203,0.1359001869610819,0.0341814709086395,0.0127591613819238,0.8171591807483547
17,e0368e49-ecc3-4ebf-9a19-4e942c829517,93.31712335369282,96.1366816448103,233.57672041073312,1276.9694745907636,0.0548924255021722,0.0565509892028295,0.137398070829843,0.7511585144651551
18,d03dab18-5712-44f7-9334-14047212632e,173.79449816220804,169.4022986637357,41.13656972943761,1315.6666334446186,0.1022320577424753,0.099648410978668,0.0241979821937868,0.7739215490850697
19,4d5fd07b-987b-49df-b4ba-54d2a337d945,225.02384879691184,122.33135082632884,220.0688605903171,1132.5759397864422,0.1323669698805363,0.0719596181331346,0.1294522709354806,0.6662211410508483
20,6abcfcc8-cf8d-4a5e-a92f-f3afd8023fbd,127.0004986709804,157.64374118481717,59.86794127580763,1355.487818868395,0.074706175688812,0.0927316124616571,0.0352164360445927,0.797345775804938
21,8559907a-1b27-4673-ae0e-602b83d86deb,23.367554851403256,32.59316607629248,18.96466125322551,1625.0746178190786,0.0137456205008254,0.0191724506331132,0.0111556830901326,0.9559262457759288
22,b683d769-9cd7-454a-b546-4e86afe5e3f4,38.57024184247005,137.34036043330406,186.4782395966573,1337.6111581275686,0.0226883775543941,0.0807884473137082,0.1096930821156807,0.7868300930162169
23,a6974af8-5b2d-431a-94df-d35c0be3ee54,107.90392542015304,91.49860259777262,93.28708580085724,1407.3103861812172,0.0634728973059723,0.0538227074104544,0.0548747563534454,0.8278296389301277
24,81f8f6c2-0e42-4680-bc11-c0be02bfd641,143.1576757509081,177.11977652834574,170.28128108333516,1209.441266637411,0.0842103975005341,0.1041881038402033,0.1001654594607854,0.7114360391984771
25,f5e32498-0689-4e74-9a45-9c17edf776b9,146.37860550515137,130.1758416403234,34.756282550269496,1388.6892703042558,0.0861050620618537,0.0765740244943078,0.0204448720883938,0.8168760413554446
26,1c809d50-4605-4865-aa13-13649203ede8,205.1273772453264,67.97433264129208,228.26872919764995,1198.6295609157314,0.1206631630854861,0.0399849015537012,0.1342757230574411,0.7050762123033715
27,fe8e4a28-cb6b-4396-adc3-a51f49838d54,69.17957254238054,19.29049085928303,32.98459167721375,1578.5453449211225,0.0406938662014003,0.0113473475642841,0.0194027009865963,0.9285560852477192
28,89b8593e-8436-4dfb-8430-1367d273cbc2,19.326118121606942,48.380129694438594,160.40620246173955,1471.887549722215,0.0113683047774158,0.0284588998202579,0.0943565896833762,0.86581620571895
29,403cbac3-a2e0-44f0-aca4-9313b8775a4e,83.07116825519711,102.07419160116066,41.69362489554654,1473.1610152480955,0.0488653930912924,0.0600436421183298,0.0245256617032626,0.8665653030871151
30,47d95862-b511-4a42-b8b1-961b605f26a3,90.82144523655926,13.532395937428545,120.98473643863504,1474.6614223873771,0.0534243795509172,0.0079602329043697,0.0711674920227265,0.8674478955219865
31,649ddf37-37fe-4a30-896b-010286133a28,229.96529601459093,158.88989210068652,58.54650992434074,1252.5983019603816,0.1352737035379946,0.0934646424121685,0.0344391234849063,0.7368225305649304
32,a9d67fc5-2e59-4f51-a904-9cac957c9e73,80.17300420349086,36.7082323846744,40.44922520624596,1542.6695382055889,0.0471605907079358,0.0215930778733378,0.023793661886027,0.9074526695326992
33,5d67ff81-9548-4a2f-9496-5d3c3c25b3eb,238.3918466334671,121.69629745694716,216.0113697206898,1123.9004861888957,0.1402304980196865,0.0715860573276159,0.1270655116004057,0.6611179330522917
34,289532b3-a4c8-4db7-93ff-9edc14d5d2c8,100.72073371561024,56.41003917053458,229.21385452915365,1313.6553725847016,0.0592474904209472,0.0331823759826674,0.1348316791347962,0.7727384544615892
35,43cd6089-f940-463f-bd40-a1f2bf168f67,63.32653758949563,104.92040766772102,116.35742694632464,1415.3956277964587,0.0372509044644091,0.0617178868633653,0.0684455452625439,0.8325856634096815
36,fedab157-3d87-4f8b-b09b-590c966aa0ba,79.17455835484178,63.5123068636842,236.2034517196601,1321.109683061814,0.0465732696204951,0.0373601805080495,0.1389432068939177,0.7771233429775376
37,48117328-d486-4f9f-96ab-b0034fe30cd5,213.96023272880265,37.943678392016224,109.14368475310854,1338.9524041260725,0.1258589604287074,0.022319810818833,0.0642021675018285,0.7876190612506309
38,2027f32f-4921-4edd-95bb-849ab8220e8c,136.0504166665083,77.73521219434689,163.25380730506953,1322.9605638340752,0.0800296568626519,0.0457265954084393,0.0960316513559232,0.7782120963729854
39,1e52819b-5c95-48c2-8f70-d460a28eff49,207.6019981216617,178.07089154222822,45.094509067166086,1269.232601268944,0.1221188224245068,0.1047475832601342,0.0265261818042153,0.7466074125111436
40,ecc20fb9-daca-4f65-97ce-f1329696f7ec,32.66267181532395,146.57619431869676,137.5305969560077,1383.2305369099718,0.0192133363619552,0.0862212907757039,0.0809003511505927,0.813665021711748
41,f59733f7-c03c-4712-934e-fb6ea464b604,31.89500728136396,130.2946172460637,89.35313858654402,1448.4572368860283,0.0187617689890376,0.0766438924976845,0.0525606697567906,0.8520336687564872
42,c2755e87-75e2-48c6-b27a-739971d1775c,78.2279023216347,134.9356026919215,66.51648409701009,1420.320010889434,0.0460164131303733,0.0793738839364244,0.0391273435864765,0.8354823593467257
43,2a988138-57f5-40bf-851c-3df09f642f05,93.96342886355411,53.95463881225708,129.8297232383711,1422.252209085818,0.0552726052138553,0.0317380228307394,0.0763704254343359,0.8366189465210693
44,0d339e3d-c04d-4f61-8cb0-2fd1f18006e9,34.80937334281116,115.62254977188736,136.5583750468186,1413.009701838483,0.0204761019663595,0.0680132645716984,0.0803284559098933,0.8311821775520488
45,320cdd85-691d-48fb-9eac-d27b2fc5e5f5,222.50863864686008,10.347905408957942,136.58098759147575,1330.5624683527062,0.130887434498153,0.0060870031817399,0.0803417574067504,0.7826838049133567
46,a9ad98c9-82d7-4c69-851e-56ddb16bd5f5,185.54149434019536,121.30570267852536,91.55878289996691,1301.5940200813122,0.1091420554942325,0.0713562956932502,0.0538581075882158,0.7656435412243013
47,bf04b495-3291-4508-a497-e6d96dc52362,150.04299913417665,31.67099911769417,156.00495023873967,1362.2810515093895,0.0882605877259862,0.0186299994809965,0.0917676177874939,0.8013417950055233
48,f5458994-6b3e-4176-9427-7cef2bb6c7d5,183.7509161636644,76.54488740522862,18.999017402611383,1420.7051790284956,0.1080887742139202,0.0450264043560168,0.0111758925897714,0.8357089288402916
49,3ae01d8c-6757-4aa4-8701-a4f231f6a81c,68.29057595176755,93.94049079145373,85.88734459299906,1451.8815886637797,0.0401709270304515,0.0552591122302668,0.0505219674076465,0.8540479933316351
50,9aed2e5c-7127-46bd-8331-51407d127d8f,152.07093042543832,52.733501311874434,102.305771614358,1392.8897966483291,0.0894534884855519,0.0310197066540437,0.0601798656555047,0.8193469392048995
51,48c60f84-a45b-4017-9430-12b3234fdc0e,164.00682064416375,168.06690230436868,240.53299671757728,1127.3932803338903,0.0964746003789198,0.0988628837084521,0.1414899980691631,0.6631725178434649
52,5175dc78-a900-486e-8b14-6b0441555fe2,138.78791081914713,124.84767410911957,165.15736302866725,1271.207052043066,0.0816399475406747,0.0734398082994821,0.0971513900168631,0.74776885414298
53,9694a191-11f7-482c-bb4c-e119489126a4,79.93383858200566,154.2415474749872,162.55816361745565,1303.2664503255517,0.0470199050482386,0.09073032204411,0.0956224491867386,0.7666273237209127
54,2a0a2e87-67a7-401a-943d-423159a4a939,238.50383687225133,60.76715383365885,222.6365387740717,1178.092470520018,0.140296374630736,0.0357453846080346,0.130962669867101,0.6929955708941282
55,9b9c349b-8f9d-4f0c-829c-fa99e67e90fb,63.14887811736393,82.51106564358193,119.57894105875368,1434.7611151803003,0.037146398892567,0.0485359209668129,0.0703405535639727,0.8439771265766474
56,ff3ac045-3c39-4fb0-b2c9-bf69d7600548,183.4978669451781,78.52188789816525,183.47711930324903,1254.5031258534077,0.1079399217324577,0.0461893458224501,0.1079277172372053,0.7379430152078869
57,1edc0740-a22f-4216-bd49-d80627b2fb63,234.0481462855917,98.0877230274302,9.3607506438752,1358.503380043103,0.1376753801679951,0.0576986606043707,0.0055063239081618,0.7991196353194723
58,5452fa4a-b64c-46d7-ace2-bf1b31afc3b3,161.95748597151797,64.0639452090959,250.67388773134803,1223.3046810880385,0.0952691093950105,0.0376846736524093,0.1474552280772635,0.7195909888753166
59,5edc0763-1f2c-44f2-bf68-db785ae258b0,85.98861472003077,178.39813903974527,108.31929731681475,1327.2939489234093,0.0505815380706063,0.1049400817880854,0.0637172337157733,0.7807611464255348
60,0cbe4677-2659-4e7f-993b-222b31ebcb86,155.64625492957006,86.94978943083082,191.7353781605705,1265.6685774790287,0.0915566205468059,0.0511469349593122,0.1127855165650414,0.7445109279288404
61,ad84fa96-1a1d-4b08-906a-64405d8b14c4,22.54790990356438,101.93326133513106,210.3788026980531,1365.1400260632515,0.0132634764138614,0.0599607419618418,0.1237522368812077,0.8030235447430891
62,50d45172-6479-4d31-9ef6-bea791278606,129.3699279797417,48.84969309826327,126.99382083743492,1394.78655808456,0.0760999576351421,0.0287351135872136,0.0747022475514323,0.8204626812262118
63,bc2a0ee6-c1d0-4437-bf7c-9c3184bef73f,168.44264320120442,126.51746597032036,169.5594979589715,1235.480392869504,0.0990839077654143,0.0744220388060707,0.0997408811523361,0.7267531722761786
64,517c3f17-e084-4ef0-a79f-a7ee9183f4b9,123.01207818495038,106.47892599457266,25.36767742975814,1445.1413183907189,0.0723600459911472,0.0626346623497486,0.0149221631939753,0.8500831284651288
65,2811e6fa-3ff3-42bc-a3cf-bcc61a8cf0fd,160.32958215184613,133.86375526943303,140.37025363611818,1265.4364089426026,0.0943115189128506,0.0787433854526076,0.0825707374330106,0.744374358201531
66,cf246b70-a191-4b99-bd9b-0847ce01744b,190.4315868967156,106.91726866404689,116.9832548064057,1285.667889632832,0.1120185805274797,0.0628925109788511,0.0688136792978857,0.7562752291957835
67,61c91192-9f3f-4836-8619-c4a50808f7b6,46.98708867183776,83.06540986092098,217.4688432015636,1352.4786582656775,0.0276394639246104,0.0488620058005417,0.1279228489420962,0.7955756813327516
68,5a63723b-d247-4738-8b0e-5130a06e53d0,150.412449309095,108.95863774324638,69.48872225746975,1371.1401906901888,0.0884779113582911,0.0640933163195567,0.0408757189749822,0.8065530533471699
69,8209442c-5fed-4dc0-ad42-c083465e58eb,90.909733432587,12.620472301973557,179.18891325412127,1417.280881011318,0.0534763137838747,0.007423807236455,0.1054052430906595,0.8336946358890106
70,bb19470e-967e-4dcd-970d-4fd3588246f3,223.6768324055456,19.632591800367216,43.61645315914968,1413.074122634937,0.1315746072973798,0.0115485834119807,0.0256567371524409,0.8312200721381985
71,decddea8-7eee-4ca3-9344-5b6f201057b3,199.2606381521344,54.89395021583146,221.48885291140547,1224.3565587206288,0.1172121400894908,0.032290558950489,0.1302875605361208,0.7202097404238993
72,551d8cf4-45f3-4211-bff9-bac1f9870ec6,203.9822796336414,68.18527096822602,139.3280117250047,1288.5044376731278,0.1199895762550831,0.0401089829224858,0.0819576539558851,0.7579437868665457
73,44e72ee1-8a86-4ffd-8aca-07ceafe5a474,81.61051114917313,120.6167136955468,140.17172272446018,1357.60105243082,0.0480061830289253,0.070951008056204,0.0824539545438001,0.7985888543710705
74,7586d345-a4e0-455e-aaf8-ee04edab6bdd,126.99517741662324,132.78005569546536,177.59099288489008,1262.6337740030212,0.0747030455391901,0.0781059151149796,0.1044652899322882,0.7427257494135419
75,56451304-05fb-48e6-a226-ce4c2bbd1de3,110.36324816825308,176.79470494802734,43.22011758406542,1369.6219292996543,0.0649195577460312,0.1039968852635455,0.025423598578862,0.8056599584115613
76,bcd48064-47e5-45b2-86b0-cf53533c584a,88.61956318306164,86.9836738415266,165.8913725899079,1358.505390385504,0.0521291548135656,0.0511668669656038,0.0975831603470046,0.7991208178738258
77,ced08f31-8bee-4e63-96d4-cdb059f6ab5c,96.77584640452848,80.74671634313023,230.21773758128776,1292.2596996710536,0.056926968473252,0.0474980684371354,0.1354221985772281,0.7601527645123844
78,8bba99d5-9522-404d-8c7c-f9c527c491bd,167.33902120156455,78.82868480889103,140.58881259013992,1313.2434813994043,0.0984347183538615,0.0463698145934653,0.0826993015236117,0.7724961655290615
79,8a0bd2de-3c21-4148-b402-efebe0043e63,113.030592901476,63.731618844453806,237.9509048032026,1285.2868834508674,0.0664885840596917,0.037489187555561,0.1399711204724721,0.756051107912275
80,e0ec3c4c-a1d6-4cbc-8c5c-3ed0b7a0f7eb,146.44687464471454,158.74105761902905,36.056991411296025,1358.7550763249603,0.0861452203792438,0.0933770927170759,0.0212099949478211,0.799267691955859
81,b59dad1a-4440-453a-b36a-9efd6e49a282,238.20037812529128,76.12805815366548,50.55219549194455,1335.1193682290989,0.1401178694854654,0.0447812106786267,0.0297365855834967,0.785364334252411
82,d0e19177-de83-4147-ad9f-8c5e3a0aeedd,141.24788696595962,170.84548944547592,237.4810591047868,1150.425564483778,0.0830869923329174,0.1004973467326328,0.1396947406498745,0.6767209202845752
83,759bc1ef-f128-4db0-afec-489804bd5a62,95.17087876167,33.45858411355244,217.2584739475308,1354.112063177247,0.0559828698598058,0.0196815200667955,0.1277991023220769,0.7965365077513217
84,e208582e-4c43-433c-a80f-afdf6f316ff2,16.99999962002039,8.499999810010195,255.0000101327896,1419.4999904371798,0.0099999997764825,0.0049999998882412,0.1500000059604644,0.8349999943748116
85,eb72b1cf-3078-4701-b7ea-caf926b65285,109.72763672471046,18.163508269935846,127.15497091412544,1444.9538840912282,0.0645456686615943,0.010684416629374,0.0747970417141914,0.8499728729948401
86,f5868166-a4f1-4a89-b04e-9a27fcf5fdcc,156.50116354227066,62.7494465559721,8.499999810010195,1472.249390091747,0.0920595079660415,0.0369114391505718,0.0049999998882412,0.8660290529951453
87,9d4a106e-7434-4f1a-96b4-5cdd328353fc,16.99999962002039,121.49997502565384,8.499999810010195,1553.0000255443156,0.0099999997764825,0.0714705735445022,0.0049999998882412,0.913529426790774
88,c5e36adc-8e26-4974-a080-a729a65ad94f,255.0000101327896,8.499999810010195,234.2939838767052,1202.206006180495,0.1500000059604644,0.0049999998882412,0.1378199905157089,0.7071800036355853
89,0ded08ed-937d-4368-a29f-b7de0f5ddbd4,16.99999962002039,53.63943539559841,98.94208014011384,1530.4184848442674,0.0099999997764825,0.0315526090562343,0.0582012236118316,0.9002461675554514
90,5305d0c7-aee5-46f9-a63f-1cd42ee67d87,248.306567966938,145.1388105750084,79.71067242324352,1226.84394903481,0.1460626870393752,0.0853757709264755,0.046888630837202,0.7216729111969471
91,589feb90-658d-45c0-b704-c1c5268b45ce,227.9831811785698,135.71420162916183,223.8635689020157,1112.439048290253,0.1341077536344528,0.0798318833112716,0.1316844522953033,0.6543759107589722
92,a681e515-1c5c-46bf-92b6-c7ef98e65dbc,178.1779743731022,97.69920483231544,51.52163803577423,1372.601182758808,0.1048105731606483,0.0574701204895973,0.0303068459033966,0.8074124604463577
93,d3b3ffed-ab9e-4dff-aa0b-c27e04098d40,16.99999962002039,73.02152402698994,255.0000101327896,1354.9784662202,0.0099999997764825,0.0429538376629352,0.1500000059604644,0.7970461566001177
94,354ab423-be15-44f1-9e75-729deb8d8871,225.46563893556595,118.33893731236458,90.78436121344566,1265.4110625386238,0.1326268464326858,0.0696111395955085,0.0534025654196739,0.7443594485521317
95,b64a2f90-9a87-4a70-8355-2ceed4448b0d,16.99999962002039,8.499999810010195,116.2301391363144,1558.269861433655,0.0099999997764825,0.0049999998882412,0.0683706700801849,0.9166293302550912
96,cd55dfb0-6366-43ea-a2a7-14679305116c,16.99999962002039,81.30379393696785,8.499999810010195,1593.1962066330016,0.0099999997764825,0.0478257611393928,0.0049999998882412,0.9371742391958832
97,82c93265-a036-4be5-912f-ce5130c28a0d,16.99999962002039,8.499999810010195,179.56521660089493,1494.9347839690745,0.0099999997764825,0.0049999998882412,0.1056265980005264,0.8793734023347497
98,1b669acf-2b09-4691-a1c7-d16df5d79ac8,16.99999962002039,89.33560661971569,95.0331348925829,1498.631258867681,0.0099999997764825,0.0525503568351268,0.0559018440544605,0.88154779933393
99,d5f56302-f8df-4f6b-91b0-a97773e74fc9,247.6575881242752,80.85250481963158,50.99728517234325,1320.49262188375,0.1456809341907501,0.0475602969527244,0.0299984030425548,0.7767603658139706
100,278e2798-ff6d-4302-bfdb-88998e6d8ca9,218.04253458976743,24.737814161926508,123.33354130387306,1333.886109944433,0.128260314464569,0.0145516553893685,0.0725491419434547,0.7846388882026076
101,be975963-2cec-49ce-8df6-ea17e488531d,253.38768064975736,114.49396163225174,11.43812406808138,1320.6802336499095,0.1490515768527984,0.0673493891954422,0.0067283082753419,0.7768707256764174
102,4aea3a58-a85b-42e6-bc69-aa5692cd7675,172.93127924203873,8.499999810010195,89.14119638502598,1429.427524562925,0.1017242819070816,0.0049999998882412,0.0524359978735446,0.8408397203311324
103,03662924-3f8e-42e5-bd45-75fe757a3692,131.07667714357376,8.75520994886756,242.52416491508484,1317.6439479924738,0.0771039277315139,0.0051501234993338,0.1426612734794616,0.7750846752896905
104,bd1fe8eb-8834-4c41-9d4d-37c85d39a7d3,154.99382242560387,151.00007206201553,23.471910506486893,1370.5341950058937,0.0911728367209434,0.0888235718011856,0.0138070061802864,0.8061965852975845
105,2b52886d-aad5-4919-a877-25f98e29b245,243.0068656802177,26.038004644215107,162.10012510418892,1268.8550045713782,0.1429452151060104,0.0153164733201265,0.0953530147671699,0.7463852968066931
106,080f2aff-554d-434f-a78c-d6072afeabc2,245.89883983135223,14.346617832779884,128.3951610326767,1311.3593813031912,0.1446463763713836,0.0084391869604587,0.0755265653133392,0.7713878713548183
107,853457e3-042a-45a5-9dd9-4d50873e8801,32.41151664406061,65.00891931355,255.0000101327896,1347.5795539095998,0.019065598025918,0.0382405407726764,0.1500000059604644,0.792693855240941
108,a42e6635-5215-4632-80a5-b635e6102482,16.99999962002039,74.89538714289665,8.499999810010195,1599.6046134270728,0.0099999997764825,0.0440561100840568,0.0049999998882412,0.9409438902512192
109,e4270ccf-97f1-4bad-821d-6c5019a2dfa0,69.86371614038944,58.14857743680477,71.3328693062067,1500.654837116599,0.0410963036119937,0.0342050455510616,0.0419605113565921,0.8827381394803524
110,fc10b4a6-f126-4443-bcd8-92514ee12e3b,76.58866494894028,172.62259647250175,184.22645181417465,1266.562286764383,0.0450521558523178,0.1015427038073539,0.1083685010671615,0.7450366392731667
111,40c911a0-8f77-481a-a569-d2d487717d2f,67.95541420578957,144.17340904474258,194.7067454457283,1293.1644313037395,0.0399737730622291,0.0848078876733779,0.1145333796739578,0.760684959590435
112,fe4236d3-649c-411e-924c-fb7fba84e18d,82.07900300621986,71.15632444620132,30.083733052015305,1516.6809394955635,0.0482817664742469,0.0418566614389419,0.017696313560009,0.8921652585268021
113,627f3c3e-bad8-4762-9393-fa96e29ddb25,16.99999962002039,53.66097390651703,72.2542755305767,1557.084750942886,0.0099999997764825,0.0315652787685394,0.0425025150179862,0.9159322064369916
114,b06a777a-cb51-4c34-81f7-a6c383a0d41f,16.99999962002039,61.44759841263294,97.87273518741132,1523.6796667799354,0.0099999997764825,0.0361456461250782,0.0575721971690654,0.8962821569293737
115,efa89b9c-f4e2-4088-ac1a-5bb66cf814b6,65.9609392285347,55.478980019688606,142.2328531742096,1436.327227577567,0.0388005524873733,0.0326346941292285,0.0836663842201232,0.8448983691632748
116,7156004c-7899-4c52-be69-020024e1c7c7,34.776848554611206,159.38669070601463,166.2404716014862,1339.595989137888,0.0204569697380065,0.0937568768858909,0.0977885127067565,0.7879976406693459
117,eb5462d6-cfff-4947-afc7-1245fb0851ff,20.57397225871682,82.10932537913322,8.499999810010195,1588.8167025521398,0.0121023366227746,0.048299603164196,0.0049999998882412,0.934598060324788
118,1db061ce-197d-455c-bffb-539e4be3a76d,186.5965873003006,24.094310775399208,51.90239027142525,1437.406711652875,0.1097626984119415,0.0141731239855289,0.0305308178067207,0.8455333597958088
119,0d94ce6b-b9e1-4a27-a875-a52193d82555,92.06935092806816,18.110820930451155,50.28949715197086,1539.5303309895098,0.054158441722393,0.0106534240767359,0.0295820571482181,0.9056060770526528
120,58c36940-4c76-4e8d-bc15-ff110d639176,241.33171290159223,106.6119559109211,197.22727686166763,1154.829054325819,0.1419598311185836,0.0627129152417182,0.1160160452127456,0.6793112084269524
84,fd81638a-14cb-4a0a-8556-dcd7a308c87e,85.56408733129501,29.156943783164024,99.06954430043696,1486.209424585104,0.0503318160772323,0.0171511434018611,0.0582762025296688,0.8742408379912376
85,793a471e-38ac-4081-be60-88905851c3e2,16.99999962002039,125.48680976033212,8.499999810010195,1549.0131908096373,0.0099999997764825,0.0738157704472542,0.0049999998882412,0.911184229888022
86,26057b89-b361-498c-a63b-0447de234580,163.40956017374992,81.4504787325859,65.55108055472374,1389.5888805389404,0.0961232706904411,0.0479120463132858,0.0385594591498374,0.8174052238464355
87,a44315b0-0099-4630-a327-a22940b04fac,16.99999962002039,82.22725205123425,150.57978928089142,1450.192959047854,0.0099999997764825,0.0483689717948436,0.0885763466358184,0.8530546817928553
88,67d341f0-6e24-4565-8491-b1e25915268e,16.99999962002039,8.499999810010195,255.0000101327896,1419.4999904371798,0.0099999997764825,0.0049999998882412,0.1500000059604644,0.8349999943748116
89,e610c151-4fb9-40da-b50b-42152154cc3e,255.0000101327896,8.499999810010195,255.0000101327896,1181.4999799244106,0.1500000059604644,0.0049999998882412,0.1500000059604644,0.6949999881908298
90,dd7d8c25-a268-4e24-acc8-1c2b445a0c04,113.58759626746178,103.90440486371516,122.59931936860085,1359.9086795002222,0.0668162330985069,0.0611202381551265,0.0721172466874122,0.7999462820589542
91,02af0228-53e6-4259-988e-ecf5e64b49e6,39.42318856716156,182.08696395158768,151.50807946920395,1326.9817680120468,0.0231901109218597,0.1071099787950515,0.089122399687767,0.7805775105953217
92,f6f7041d-0535-458a-a414-1f45eacbb474,229.3883711099625,142.45039150118828,64.04935047030449,1264.1118869185448,0.1349343359470367,0.0837943479418754,0.0376760885119438,0.743595227599144
93,3e926de7-ba33-4027-8fd3-3d4832b218cb,255.0000101327896,41.75434447824955,148.5387034714222,1254.7069419175386,0.1500000059604644,0.0245613791048526,0.087375707924366,0.7380629070103168
94,85f57980-a93d-460c-9cd5-d105ef2c6215,255.0000101327896,29.188266769051552,142.38826483488083,1273.423458263278,0.1500000059604644,0.0171695686876773,0.0837578028440475,0.7490726225078106
95,b9eb35ad-8c35-4a76-a208-5fcdb71a8cbd,16.99999962002039,104.72043007612228,79.15922701358795,1499.1203432902694,0.0099999997764825,0.0616002529859542,0.0465642511844635,0.8818354960530996
96,6b32b879-40e7-471e-a10b-29a9c568d1ad,16.99999962002039,116.37529134750366,161.74264028668404,1404.882068745792,0.0099999997764825,0.0684560537338256,0.0951427295804023,0.8264012169092894
97,28353337-dc97-4f47-9b6b-16098fb95402,16.99999962002039,40.86373560130596,132.03863352537155,1510.097631253302,0.0099999997764825,0.0240374915301799,0.0776697844266891,0.8882927242666483
98,64c2103a-e77d-41f0-897a-a8d88888b562,16.99999962002039,50.03114268183708,255.0000101327896,1377.968847565353,0.0099999997764825,0.0294300839304924,0.1500000059604644,0.8105699103325605
99,fd8bb27b-e747-4d87-b7d8-97fed17354db,16.99999962002039,127.79239937663078,255.0000101327896,1300.2075908705592,0.0099999997764825,0.0751719996333122,0.1500000059604644,0.7648279946297407
100,c91d4e20-59ba-49d7-8a04-c75213c5180e,80.37451580166817,168.97442489862442,191.3283847272396,1259.3226745724678,0.0472791269421577,0.0993967205286026,0.1125461086630821,0.7407780438661575
101,f57690ca-b5f3-435c-8cfc-a059ddf2c88b,16.99999962002039,186.99999898672104,8.499999810010195,1487.5000015832484,0.0099999997764825,0.1099999994039535,0.0049999998882412,0.8750000009313226
102,057e50c9-1d9e-4502-9fcc-e0f5bebf6113,179.87820580601692,127.34297215938568,99.81743916869164,1292.9613828659058,0.105810709297657,0.0749076306819915,0.0587161406874656,0.7605655193328857
103,c3856eec-ecfa-46fe-8b51-b01796cff015,110.13911664485931,71.79852798581123,8.499999810010195,1509.5623555593193,0.0647877156734466,0.0422344282269477,0.0049999998882412,0.8879778562113643
104,65294301-7080-4705-b780-9d956b850445,79.74372431635857,8.499999810010195,106.1945229768753,1505.561752896756,0.0469080731272697,0.0049999998882412,0.0624673664569854,0.8856245605275035
105,b94af6ff-5138-4d36-a38f-991dd1dbae34,63.36272731423378,73.47521334886551,8.499999810010195,1554.6620595268903,0.0372721925377845,0.0432207137346267,0.0049999998882412,0.9145070938393474
106,92b3b03b-abef-4bad-9bcb-f7c67de18ccc,69.12117898464203,54.357096552848816,196.2167590856552,1380.304965376854,0.0406595170497894,0.0319747626781463,0.1154216229915618,0.8119440972805023
107,33dcd664-3e31-4fc5-8bbc-4e5b47b8914a,255.0000101327896,18.585584871470928,135.6992557644844,1290.715149231255,0.1500000059604644,0.0109326969832181,0.0798230916261673,0.75924420543015
108,0c1ddab6-f53a-45a3-8e2a-9f74b350eecd,16.99999962002039,79.66891266405582,255.0000101327896,1348.3310775831342,0.0099999997764825,0.046864066272974,0.1500000059604644,0.7931359279900789
109,8e73357b-6307-4f73-ae08-8f0d3dbb60ef,16.99999962002039,159.03068780899048,255.0000101327896,1268.9693024381995,0.0099999997764825,0.0935474634170532,0.1500000059604644,0.7464525308459997
110,2958a316-ee3e-4f2c-83f0-9c8a85758448,76.7259769141674,125.4328779876232,255.0000101327896,1242.8411349654198,0.045132927596569,0.0737840458750724,0.1500000059604644,0.731083020567894
111,7653c1b6-fc2e-468b-aeec-f130375c8f72,16.99999962002039,186.99999898672104,255.0000101327896,1240.999991260469,0.0099999997764825,0.1099999994039535,0.1500000059604644,0.7299999948590994
112,310a128f-573a-4c59-a3b9-35ececd26c41,255.0000101327896,58.8818684220314,8.499999810010195,1377.6181216351688,0.1500000059604644,0.0346363931894302,0.0049999998882412,0.810363600961864
113,5980952c-c090-4315-8731-0cd2b4161d85,105.51959052681924,40.58800972998142,177.6367947459221,1376.2556049972773,0.0620703473687172,0.0238752998411655,0.1044922322034835,0.8095621205866337
114,b6eef491-214a-4c47-91c7-7636dd7dfe70,16.99999962002039,156.96178749203682,8.499999810010195,1517.5382130779326,0.0099999997764825,0.0923304632306099,0.0049999998882412,0.8926695371046662
115,ff7ca20c-578d-4568-a618-0447fe8bd4ab,155.65496161580086,155.7847499847412,134.91255864501,1253.647729754448,0.0915617421269416,0.0916380882263183,0.0793603286147117,0.7374398410320282
116,d163c3ec-ac91-48df-9133-100c3356a7c1,68.16834844648838,52.03448385000229,255.0000101327896,1324.7971575707195,0.0400990284979343,0.030608519911766,0.1500000059604645,0.7792924456298351
117,32e15f13-4afb-42b0-a73d-2a61e334400e,95.52076905965804,124.12524148821832,8.499999810010195,1471.8539896421134,0.0561886876821517,0.073014847934246,0.0049999998882412,0.8657964644953609
118,05f30d93-c050-49af-b168-c36d1c6abe41,48.75582344830036,68.70526596903801,164.98699486255646,1417.5519157201052,0.028679896146059,0.0404148623347282,0.0970511734485626,0.8338540680706501
119,11209250-6f31-4bc3-b60f-852994580d67,16.99999962002039,82.05437399446964,8.499999810010195,1592.4456265754998,0.0099999997764825,0.0482672788202762,0.0049999998882412,0.936732721515
120,8f76373d-4001-45d2-9608-0220318c738f,255.0000101327896,30.15737310051918,255.0000101327896,1159.8426066339016,0.1500000059604644,0.0177396312355995,0.1500000059604644,0.6822603568434715
121,9a1469d6-a041-402a-80f8-c2c647d10e9b,112.59981393814088,42.67081096768379,81.65727630257607,1463.0720987915993,0.0662351846694946,0.0251004770398139,0.0480336919426918,0.8606306463479996
122,d0992ce2-83c7-4876-b11b-e4f4b541dc9e,89.14929628372192,12.663786299526691,189.5497635006905,1408.637153916061,0.0524407625198364,0.0074492860585451,0.1114998608827591,0.8286100905388594
0,4bec4e18-80bb-44d9-8508-cc464f14b287,50.2210523417439,124.2406098557808,164.94082575473143,1360.597512047744,0.0295417954951434,0.073082711679871,0.097024015149842,0.8003514776751435
1,a180d359-a229-4b3e-a615-2991fd549f42,166.90637082978213,105.54729587184796,82.83123966184186,1344.715093636528,0.0981802181351659,0.0620866446304988,0.0487242586246128,0.7910088786097224
2,3584700a-8b01-4e59-a53a-1300fd3fac0a,83.47789513445348,57.71626609380468,175.10171902700475,1383.7041197447372,0.0491046441967373,0.0339507447610615,0.1030010111923557,0.8139435998498454
3,0e6edb88-77c3-4984-a38d-198341bba9e1,190.43688659323485,103.85934509699324,139.81285817734036,1265.8909101324314,0.1120216979960205,0.061093732409996,0.0822428577513767,0.7446417118426067
4,68831f53-4a51-4f12-b385-10c50c8fab46,75.22550384759337,170.91415924001222,187.560764311135,1266.2995726012591,0.0442502963809372,0.1005377407294189,0.1103298613594912,0.7448821015301527
5,fed3ab35-04e9-4916-8527-8627191a3bdc,20.15313116744084,63.83954787011946,49.461665199018725,1566.5456557634209,0.011854783039671,0.0375526752177173,0.0290950971758933,0.921497444566718
6,32ec16b1-c5b5-4d8b-b396-cd1ad4b740d9,180.7989295678836,8.839735230185184,227.60965678943137,1282.7516784124998,0.1063523115105197,0.0051998442530501,0.1338880334055478,0.7545598108308822
7,a4d8a8f6-2654-490f-b14a-02d3fb1f94b2,247.36551526512807,88.81269067913773,77.66185479923394,1286.1599392565,0.1455091266265459,0.0522427592230222,0.0456834439995493,0.7565646701508824
8,770a433d-0480-4cee-bf12-ce066c24db55,99.54716822056066,52.05975691675929,14.533589052896684,1533.8594858097836,0.0585571577768003,0.0306233864216231,0.0085491700311156,0.9022702857704608
9,41414be7-3e27-4b4d-b70e-e31d54a733d3,141.39397785460312,8.798970601811643,12.093150499517836,1537.7139010440674,0.0831729281497665,0.0051758650598892,0.0071136179408928,0.9045375888494512
10,6b50a94f-b7f2-402e-a210-e89f507b8861,236.7727433174201,161.03389912605078,71.02939845947752,1231.1639590970517,0.1392780843043647,0.0947258230153239,0.0417819990938103,0.724214093586501
11,fa1dfc55-e5e0-4514-a66a-e29a5351518a,212.8129276281497,116.07062358277798,172.18175012870827,1198.934698660364,0.1251840750753821,0.0682768374016341,0.1012833824286519,0.7052557050943317
12,ef17f542-90a3-44a8-a6b8-acb920953fab,79.09535853399576,32.61406968364799,105.16065324053848,1483.129918541818,0.0465266814905857,0.0191847468727341,0.061859207788552,0.8724293638481281
13,23850c30-c572-41ad-abf0-7e1bd4fa7397,210.8667967042741,12.467859020547303,61.26151288896466,1415.403831386214,0.1240392921789847,0.007334034717969,0.0360361840523321,0.8325904890507142
14,4ab46dcc-3395-4e7b-bb87-52e805e12abb,100.76327329779082,99.75853847640528,32.791727661481595,1466.6864605643225,0.0592725137045828,0.0586814932214148,0.0192892515655774,0.8627567415084249
15,657e707f-abc9-4f86-ae1e-9e59efb6e1f9,201.602262542762,166.8734375746814,175.2535115044569,1156.2707883780995,0.1185895662016247,0.0981608456321655,0.1030903008849746,0.6801592872812351
16,96ef6012-d812-4975-8b77-8ed7e78669fb,231.0303178338392,58.108500544687296,21.69057434927056,1389.170607272203,0.1359001869610819,0.0341814709086395,0.0127591613819238,0.8171591807483547
17,e0368e49-ecc3-4ebf-9a19-4e942c829517,93.31712335369282,96.1366816448103,233.57672041073312,1276.9694745907636,0.0548924255021722,0.0565509892028295,0.137398070829843,0.7511585144651551
18,d03dab18-5712-44f7-9334-14047212632e,173.79449816220804,169.4022986637357,41.13656972943761,1315.6666334446186,0.1022320577424753,0.099648410978668,0.0241979821937868,0.7739215490850697
19,4d5fd07b-987b-49df-b4ba-54d2a337d945,225.02384879691184,122.33135082632884,220.0688605903171,1132.5759397864422,0.1323669698805363,0.0719596181331346,0.1294522709354806,0.6662211410508483
20,6abcfcc8-cf8d-4a5e-a92f-f3afd8023fbd,127.0004986709804,157.64374118481717,59.86794127580763,1355.487818868395,0.074706175688812,0.0927316124616571,0.0352164360445927,0.797345775804938
21,8559907a-1b27-4673-ae0e-602b83d86deb,23.367554851403256,32.59316607629248,18.96466125322551,1625.0746178190786,0.0137456205008254,0.0191724506331132,0.0111556830901326,0.9559262457759288
22,b683d769-9cd7-454a-b546-4e86afe5e3f4,38.57024184247005,137.34036043330406,186.4782395966573,1337.6111581275686,0.0226883775543941,0.0807884473137082,0.1096930821156807,0.7868300930162169
23,a6974af8-5b2d-431a-94df-d35c0be3ee54,107.90392542015304,91.49860259777262,93.28708580085724,1407.3103861812172,0.0634728973059723,0.0538227074104544,0.0548747563534454,0.8278296389301277
24,81f8f6c2-0e42-4680-bc11-c0be02bfd641,143.1576757509081,177.11977652834574,170.28128108333516,1209.441266637411,0.0842103975005341,0.1041881038402033,0.1001654594607854,0.7114360391984771
25,f5e32498-0689-4e74-9a45-9c17edf776b9,146.37860550515137,130.1758416403234,34.756282550269496,1388.6892703042558,0.0861050620618537,0.0765740244943078,0.0204448720883938,0.8168760413554446
26,1c809d50-4605-4865-aa13-13649203ede8,205.1273772453264,67.97433264129208,228.26872919764995,1198.6295609157314,0.1206631630854861,0.0399849015537012,0.1342757230574411,0.7050762123033715
27,fe8e4a28-cb6b-4396-adc3-a51f49838d54,69.17957254238054,19.29049085928303,32.98459167721375,1578.5453449211225,0.0406938662014003,0.0113473475642841,0.0194027009865963,0.9285560852477192
28,89b8593e-8436-4dfb-8430-1367d273cbc2,19.326118121606942,48.380129694438594,160.40620246173955,1471.887549722215,0.0113683047774158,0.0284588998202579,0.0943565896833762,0.86581620571895
29,403cbac3-a2e0-44f0-aca4-9313b8775a4e,83.07116825519711,102.07419160116066,41.69362489554654,1473.1610152480955,0.0488653930912924,0.0600436421183298,0.0245256617032626,0.8665653030871151
30,47d95862-b511-4a42-b8b1-961b605f26a3,90.82144523655926,13.532395937428545,120.98473643863504,1474.6614223873771,0.0534243795509172,0.0079602329043697,0.0711674920227265,0.8674478955219865
31,649ddf37-37fe-4a30-896b-010286133a28,229.96529601459093,158.88989210068652,58.54650992434074,1252.5983019603816,0.1352737035379946,0.0934646424121685,0.0344391234849063,0.7368225305649304
32,a9d67fc5-2e59-4f51-a904-9cac957c9e73,80.17300420349086,36.7082323846744,40.44922520624596,1542.6695382055889,0.0471605907079358,0.0215930778733378,0.023793661886027,0.9074526695326992
33,5d67ff81-9548-4a2f-9496-5d3c3c25b3eb,238.3918466334671,121.69629745694716,216.0113697206898,1123.9004861888957,0.1402304980196865,0.0715860573276159,0.1270655116004057,0.6611179330522917
34,289532b3-a4c8-4db7-93ff-9edc14d5d2c8,100.72073371561024,56.41003917053458,229.21385452915365,1313.6553725847016,0.0592474904209472,0.0331823759826674,0.1348316791347962,0.7727384544615892
35,43cd6089-f940-463f-bd40-a1f2bf168f67,63.32653758949563,104.92040766772102,116.35742694632464,1415.3956277964587,0.0372509044644091,0.0617178868633653,0.0684455452625439,0.8325856634096815
36,fedab157-3d87-4f8b-b09b-590c966aa0ba,79.17455835484178,63.5123068636842,236.2034517196601,1321.109683061814,0.0465732696204951,0.0373601805080495,0.1389432068939177,0.7771233429775376
37,48117328-d486-4f9f-96ab-b0034fe30cd5,213.96023272880265,37.943678392016224,109.14368475310854,1338.9524041260725,0.1258589604287074,0.022319810818833,0.0642021675018285,0.7876190612506309
38,2027f32f-4921-4edd-95bb-849ab8220e8c,136.0504166665083,77.73521219434689,163.25380730506953,1322.9605638340752,0.0800296568626519,0.0457265954084393,0.0960316513559232,0.7782120963729854
39,1e52819b-5c95-48c2-8f70-d460a28eff49,207.6019981216617,178.07089154222822,45.094509067166086,1269.232601268944,0.1221188224245068,0.1047475832601342,0.0265261818042153,0.7466074125111436
40,ecc20fb9-daca-4f65-97ce-f1329696f7ec,32.66267181532395,146.57619431869676,137.5305969560077,1383.2305369099718,0.0192133363619552,0.0862212907757039,0.0809003511505927,0.813665021711748
41,f59733f7-c03c-4712-934e-fb6ea464b604,31.89500728136396,130.2946172460637,89.35313858654402,1448.4572368860283,0.0187617689890376,0.0766438924976845,0.0525606697567906,0.8520336687564872
42,c2755e87-75e2-48c6-b27a-739971d1775c,78.2279023216347,134.9356026919215,66.51648409701009,1420.320010889434,0.0460164131303733,0.0793738839364244,0.0391273435864765,0.8354823593467257
43,2a988138-57f5-40bf-851c-3df09f642f05,93.96342886355411,53.95463881225708,129.8297232383711,1422.252209085818,0.0552726052138553,0.0317380228307394,0.0763704254343359,0.8366189465210693
44,0d339e3d-c04d-4f61-8cb0-2fd1f18006e9,34.80937334281116,115.62254977188736,136.5583750468186,1413.009701838483,0.0204761019663595,0.0680132645716984,0.0803284559098933,0.8311821775520488
45,320cdd85-691d-48fb-9eac-d27b2fc5e5f5,222.50863864686008,10.347905408957942,136.58098759147575,1330.5624683527062,0.130887434498153,0.0060870031817399,0.0803417574067504,0.7826838049133567
46,a9ad98c9-82d7-4c69-851e-56ddb16bd5f5,185.54149434019536,121.30570267852536,91.55878289996691,1301.5940200813122,0.1091420554942325,0.0713562956932502,0.0538581075882158,0.7656435412243013
47,bf04b495-3291-4508-a497-e6d96dc52362,150.04299913417665,31.67099911769417,156.00495023873967,1362.2810515093895,0.0882605877259862,0.0186299994809965,0.0917676177874939,0.8013417950055233
48,f5458994-6b3e-4176-9427-7cef2bb6c7d5,183.7509161636644,76.54488740522862,18.999017402611383,1420.7051790284956,0.1080887742139202,0.0450264043560168,0.0111758925897714,0.8357089288402916
49,3ae01d8c-6757-4aa4-8701-a4f231f6a81c,68.29057595176755,93.94049079145373,85.88734459299906,1451.8815886637797,0.0401709270304515,0.0552591122302668,0.0505219674076465,0.8540479933316351
50,9aed2e5c-7127-46bd-8331-51407d127d8f,152.07093042543832,52.733501311874434,102.305771614358,1392.8897966483291,0.0894534884855519,0.0310197066540437,0.0601798656555047,0.8193469392048995
51,48c60f84-a45b-4017-9430-12b3234fdc0e,164.00682064416375,168.06690230436868,240.53299671757728,1127.3932803338903,0.0964746003789198,0.0988628837084521,0.1414899980691631,0.6631725178434649
52,5175dc78-a900-486e-8b14-6b0441555fe2,138.78791081914713,124.84767410911957,165.15736302866725,1271.207052043066,0.0816399475406747,0.0734398082994821,0.0971513900168631,0.74776885414298
53,9694a191-11f7-482c-bb4c-e119489126a4,79.93383858200566,154.2415474749872,162.55816361745565,1303.2664503255517,0.0470199050482386,0.09073032204411,0.0956224491867386,0.7666273237209127
54,2a0a2e87-67a7-401a-943d-423159a4a939,238.50383687225133,60.76715383365885,222.6365387740717,1178.092470520018,0.140296374630736,0.0357453846080346,0.130962669867101,0.6929955708941282
55,9b9c349b-8f9d-4f0c-829c-fa99e67e90fb,63.14887811736393,82.51106564358193,119.57894105875368,1434.7611151803003,0.037146398892567,0.0485359209668129,0.0703405535639727,0.8439771265766474
56,ff3ac045-3c39-4fb0-b2c9-bf69d7600548,183.4978669451781,78.52188789816525,183.47711930324903,1254.5031258534077,0.1079399217324577,0.0461893458224501,0.1079277172372053,0.7379430152078869
57,1edc0740-a22f-4216-bd49-d80627b2fb63,234.0481462855917,98.0877230274302,9.3607506438752,1358.503380043103,0.1376753801679951,0.0576986606043707,0.0055063239081618,0.7991196353194723
58,5452fa4a-b64c-46d7-ace2-bf1b31afc3b3,161.95748597151797,64.0639452090959,250.67388773134803,1223.3046810880385,0.0952691093950105,0.0376846736524093,0.1474552280772635,0.7195909888753166
59,5edc0763-1f2c-44f2-bf68-db785ae258b0,85.98861472003077,178.39813903974527,108.31929731681475,1327.2939489234093,0.0505815380706063,0.1049400817880854,0.0637172337157733,0.7807611464255348
60,4fd21940-a331-4524-b730-cf76de1b4d8d,50.0,124.0,165.0,1361.0,0.0294117647058823,0.0729411764705882,0.0970588235294117,0.8005882352941176
61,8933d4b1-8929-4b58-a491-a0c55df30fed,83.0,58.0,175.0,1384.0,0.0488235294117647,0.0341176470588235,0.1029411764705882,0.8141176470588235
62,130093e4-2947-4d37-b73a-ed4c23442ab8,20.0,64.0,49.0,1567.0,0.0117647058823529,0.0376470588235294,0.0288235294117647,0.9217647058823528
63,a3f7d49b-cc77-4468-aae0-ad451027ddc0,181.0,9.0,228.0,1283.0,0.1064079952968841,0.0052910052910052,0.1340388007054673,0.7542621987066431
64,f69628da-ff56-4f3a-ba2e-816036b87557,100.0,52.0,15.0,1534.0,0.0587889476778365,0.030570252792475,0.0088183421516754,0.9018224573780128
65,eb5c038c-56ff-4457-93db-9b9702e3ff43,211.0,12.0,61.0,1415.0,0.124190700412007,0.0070629782224838,0.0359034726309593,0.8328428487345497
66,56898b1b-5aed-4595-ade6-5b73d45a7808,101.0,100.0,33.0,1467.0,0.0593768371546149,0.0587889476778365,0.019400352733686,0.8624338624338624
67,ba91b97c-6a58-431f-99ae-091ae1a16bc8,23.0,33.0,19.0,1625.0,0.0135294117647058,0.0194117647058823,0.0111764705882352,0.9558823529411764
68,e34d9838-8677-405f-b825-5068facac35e,39.0,137.0,186.0,1338.0,0.0229411764705882,0.0805882352941176,0.1094117647058823,0.7870588235294118
69,4ccc9a11-4c0b-48a4-848e-edcdd5c8da69,69.0,19.0,33.0,1579.0,0.0405882352941176,0.0111764705882352,0.0194117647058823,0.9288235294117648
70,4b56c2d8-0a77-4566-b8fe-51e66454dd75,19.0,48.0,160.0,1472.0,0.011183048852266,0.0282519128899352,0.0941730429664508,0.8663919952913478
71,a6ee3a08-02cd-4703-9d6c-3721dad590c8,91.0,14.0,121.0,1475.0,0.0534979423868312,0.0082304526748971,0.0711346266901822,0.8671369782480893
72,8573b7f6-c239-4d33-aa19-58f59c7d0499,80.0,37.0,40.0,1543.0,0.0470588235294117,0.0217647058823529,0.0235294117647058,0.9076470588235294
73,3a3f06cf-6324-44c0-9fbe-cbe35289073b,63.0,105.0,116.0,1415.0,0.03708063566804,0.0618010594467333,0.0682754561506768,0.8328428487345497
74,38d80e08-5bd4-4e0e-9d11-a60d55148590,79.0,64.0,236.0,1321.0,0.0464705882352941,0.0376470588235294,0.1388235294117647,0.7770588235294118
75,1cd98242-2c09-46dc-8eab-ff593ec4a284,214.0,38.0,109.0,1339.0,0.1258823529411764,0.0223529411764705,0.0641176470588235,0.7876470588235294
76,f4b66637-2c73-4d0b-83ba-3f7e3b3f3c06,33.0,147.0,138.0,1383.0,0.019400352733686,0.0864197530864197,0.0811287477954144,0.8130511463844797
77,c9f1b338-8d5c-491e-ac9c-cab3df47c1e5,32.0,130.0,89.0,1448.0,0.0188346085932901,0.0765155974102413,0.0523837551500882,0.8522660388463802
78,96f2819c-ff4b-467a-a599-1d2a0c792f5f,94.0,54.0,130.0,1422.0,0.0552941176470588,0.0317647058823529,0.0764705882352941,0.8364705882352941
79,6411e428-3416-4aad-a246-f50fe8f3fb4b,35.0,116.0,137.0,1413.0,0.0205761316872428,0.0681951793062904,0.0805408583186361,0.8306878306878307
80,7c4bcab3-4ce3-4a28-92b1-4f8a04c76603,223.0,10.0,137.0,1331.0,0.1310993533215755,0.0058788947677836,0.0805408583186361,0.7824808935920047
81,22fc6d75-43ef-41aa-993b-b76a84f4c5af,150.0,32.0,156.0,1362.0,0.088235294117647,0.0188235294117647,0.0917647058823529,0.8011764705882353
82,86a7ac96-49f1-4da4-b518-37e4ab31a099,184.0,77.0,19.0,1421.0,0.1081716637272192,0.0452674897119341,0.0111699000587889,0.8353909465020576
83,89639692-ddbf-413e-a0c4-bf75456e2877,152.0,53.0,102.0,1393.0,0.0894117647058823,0.0311764705882352,0.06,0.8194117647058824
84,b702c675-432e-4034-b542-ef01ad2fd4ff,63.0,83.0,120.0,1435.0,0.037037037037037,0.0487948265726043,0.0705467372134038,0.8436213991769548
85,3b660550-7e2e-4815-ba89-ac39039b2f38,117.0,112.0,130.0,1342.0,0.0687830687830687,0.0658436213991769,0.0764256319811875,0.7889476778365667
86,fe183495-7f7b-4949-bc1b-6c7d1ea634b7,84.0,77.0,135.0,1404.0,0.0494117647058823,0.0452941176470588,0.0794117647058823,0.8258823529411765
87,f180c1df-360c-45fe-9547-101530b6135a,109.0,10.0,94.0,1487.0,0.0641176470588235,0.0058823529411764,0.0552941176470588,0.8747058823529412
88,ad3d2a7d-b678-43a0-b803-1cc079e32935,221.0,67.0,155.0,1257.0,0.13,0.0394117647058823,0.0911764705882352,0.7394117647058823
89,70246cb4-9be2-45b9-8704-bb3f4ea585c5,89.0,158.0,203.0,1250.0,0.0523529411764705,0.0929411764705882,0.1194117647058823,0.7352941176470589
90,01cddefc-e6a6-41aa-9052-06286b12b8fe,40.0,30.0,79.0,1550.0,0.0235432607416127,0.0176574455562095,0.0464979399646851,0.9123013537374928
91,83d8158b-ea97-4925-af7c-8fa89acc9319,57.0,82.0,186.0,1375.0,0.0335294117647058,0.048235294117647,0.1094117647058823,0.8088235294117647
92,b8953350-d5ad-4c99-b929-ebfe8febd0df,138.0,174.0,241.0,1148.0,0.0811287477954144,0.1022927689594356,0.1416813639035861,0.6748971193415638
93,f9db1144-6916-4420-ae44-2bf5f1313a4d,49.0,13.0,79.0,1559.0,0.0288235294117647,0.0076470588235294,0.0464705882352941,0.9170588235294118
94,8f7962c4-620f-42e2-812b-2b161525c034,204.0,125.0,23.0,1348.0,0.12,0.0735294117647058,0.0135294117647058,0.7929411764705883
95,4b2d55e4-a4ec-419a-aade-a8645321f66a,177.0,97.0,113.0,1312.0,0.1041789287816362,0.0570924072984108,0.0665097115950559,0.772218952324897
96,cb613f37-04cf-4232-aa8f-9a57445e5eee,68.0,101.0,155.0,1375.0,0.0400235432607416,0.0594467333725721,0.0912301353737492,0.809299587992937
97,852b1fcf-ea63-4436-bd20-9ebf44baf999,21.0,57.0,62.0,1561.0,0.0123456790123456,0.0335097001763668,0.0364491475602586,0.9176954732510288
98,f2e85141-9985-49ff-a6bc-17e2ecbcdc8b,253.0,175.0,231.0,1040.0,0.1489111241907004,0.1030017657445556,0.1359623307828134,0.6121247792819305
99,328c652f-9166-4c49-ad89-6445d14b89f3,134.0,131.0,239.0,1196.0,0.0788235294117647,0.0770588235294117,0.1405882352941176,0.7035294117647058
100,0cbe4677-2659-4e7f-993b-222b31ebcb86,155.64625492957006,86.94978943083082,191.7353781605705,1265.6685774790287,0.0915566205468059,0.0511469349593122,0.1127855165650414,0.7445109279288404
101,ad84fa96-1a1d-4b08-906a-64405d8b14c4,22.54790990356438,101.93326133513106,210.3788026980531,1365.1400260632515,0.0132634764138614,0.0599607419618418,0.1237522368812077,0.8030235447430891
102,50d45172-6479-4d31-9ef6-bea791278606,129.3699279797417,48.84969309826327,126.99382083743492,1394.78655808456,0.0760999576351421,0.0287351135872136,0.0747022475514323,0.8204626812262118
103,bc2a0ee6-c1d0-4437-bf7c-9c3184bef73f,168.44264320120442,126.51746597032036,169.5594979589715,1235.480392869504,0.0990839077654143,0.0744220388060707,0.0997408811523361,0.7267531722761786
104,517c3f17-e084-4ef0-a79f-a7ee9183f4b9,123.01207818495038,106.47892599457266,25.36767742975814,1445.1413183907189,0.0723600459911472,0.0626346623497486,0.0149221631939753,0.8500831284651288
105,2811e6fa-3ff3-42bc-a3cf-bcc61a8cf0fd,160.32958215184613,133.86375526943303,140.37025363611818,1265.4364089426026,0.0943115189128506,0.0787433854526076,0.0825707374330106,0.744374358201531
106,cf246b70-a191-4b99-bd9b-0847ce01744b,190.4315868967156,106.91726866404689,116.9832548064057,1285.667889632832,0.1120185805274797,0.0628925109788511,0.0688136792978857,0.7562752291957835
107,61c91192-9f3f-4836-8619-c4a50808f7b6,46.98708867183776,83.06540986092098,217.4688432015636,1352.4786582656775,0.0276394639246104,0.0488620058005417,0.1279228489420962,0.7955756813327516
108,5a63723b-d247-4738-8b0e-5130a06e53d0,150.412449309095,108.95863774324638,69.48872225746975,1371.1401906901888,0.0884779113582911,0.0640933163195567,0.0408757189749822,0.8065530533471699
109,8209442c-5fed-4dc0-ad42-c083465e58eb,90.909733432587,12.620472301973557,179.18891325412127,1417.280881011318,0.0534763137838747,0.007423807236455,0.1054052430906595,0.8336946358890106
110,bb19470e-967e-4dcd-970d-4fd3588246f3,223.6768324055456,19.632591800367216,43.61645315914968,1413.074122634937,0.1315746072973798,0.0115485834119807,0.0256567371524409,0.8312200721381985
111,decddea8-7eee-4ca3-9344-5b6f201057b3,199.2606381521344,54.89395021583146,221.48885291140547,1224.3565587206288,0.1172121400894908,0.032290558950489,0.1302875605361208,0.7202097404238993
112,551d8cf4-45f3-4211-bff9-bac1f9870ec6,203.9822796336414,68.18527096822602,139.3280117250047,1288.5044376731278,0.1199895762550831,0.0401089829224858,0.0819576539558851,0.7579437868665457
113,44e72ee1-8a86-4ffd-8aca-07ceafe5a474,81.61051114917313,120.6167136955468,140.17172272446018,1357.60105243082,0.0480061830289253,0.070951008056204,0.0824539545438001,0.7985888543710705
114,7586d345-a4e0-455e-aaf8-ee04edab6bdd,126.99517741662324,132.78005569546536,177.59099288489008,1262.6337740030212,0.0747030455391901,0.0781059151149796,0.1044652899322882,0.7427257494135419
115,56451304-05fb-48e6-a226-ce4c2bbd1de3,110.36324816825308,176.79470494802734,43.22011758406542,1369.6219292996543,0.0649195577460312,0.1039968852635455,0.025423598578862,0.8056599584115613
116,bcd48064-47e5-45b2-86b0-cf53533c584a,88.61956318306164,86.9836738415266,165.8913725899079,1358.505390385504,0.0521291548135656,0.0511668669656038,0.0975831603470046,0.7991208178738258
117,ced08f31-8bee-4e63-96d4-cdb059f6ab5c,96.77584640452848,80.74671634313023,230.21773758128776,1292.2596996710536,0.056926968473252,0.0474980684371354,0.1354221985772281,0.7601527645123844
118,8bba99d5-9522-404d-8c7c-f9c527c491bd,167.33902120156455,78.82868480889103,140.58881259013992,1313.2434813994043,0.0984347183538615,0.0463698145934653,0.0826993015236117,0.7724961655290615
119,8a0bd2de-3c21-4148-b402-efebe0043e63,113.030592901476,63.731618844453806,237.9509048032026,1285.2868834508674,0.0664885840596917,0.037489187555561,0.1399711204724721,0.756051107912275
120,e0ec3c4c-a1d6-4cbc-8c5c-3ed0b7a0f7eb,146.44687464471454,158.74105761902905,36.056991411296025,1358.7550763249603,0.0861452203792438,0.0933770927170759,0.0212099949478211,0.799267691955859
121,b59dad1a-4440-453a-b36a-9efd6e49a282,238.20037812529128,76.12805815366548,50.55219549194455,1335.1193682290989,0.1401178694854654,0.0447812106786267,0.0297365855834967,0.785364334252411
122,d0e19177-de83-4147-ad9f-8c5e3a0aeedd,141.24788696595962,170.84548944547592,237.4810591047868,1150.425564483778,0.0830869923329174,0.1004973467326328,0.1396947406498745,0.6767209202845752
123,759bc1ef-f128-4db0-afec-489804bd5a62,95.17087876167,33.45858411355244,217.2584739475308,1354.112063177247,0.0559828698598058,0.0196815200667955,0.1277991023220769,0.7965365077513217
124,12c4e8af-0a76-4acd-8b5b-1df74835314b,85.54371801848315,126.91053627889076,252.2372023228085,1235.3085433798176,0.0503198341285195,0.0746532566346416,0.1483748248957697,0.7266520843410692
125,2fe718dc-74ff-49c9-9b8e-cb670d34609a,223.29703255436195,93.76323350021264,112.80841256897156,1270.1313213764538,0.1313511956202129,0.0551548432354192,0.0663578897464538,0.747136071397914
126,4d7a512c-91d5-4120-a01b-437e6b4da131,70.29657568407376,17.698660306678804,165.00664976766615,1446.998114241581,0.0413509268729845,0.0104109766509875,0.0970627351574506,0.8511753613185772
127,96a5aa2e-048a-4571-a3a6-c17727fab48f,142.6260881538456,20.93246019348532,47.75898680862799,1488.682464844041,0.0838976989140268,0.0123132118785207,0.0280935216521341,0.8756955675553183
128,f2d859e5-9e71-4266-b228-e6b8593e62cb,221.50063287594315,75.82943726102489,232.259177698512,1170.41075216452,0.1302944899270254,0.0446055513300146,0.136623045705007,0.688476913037953
129,151290aa-8243-483b-aee7-2a54cf7d0770,114.0061814396,88.40270167903581,119.73405989126056,1377.8570569901035,0.0670624596703529,0.0520015892229622,0.0704317999360356,0.8105041511706491
130,5faaa039-aba8-454f-82f1-6b89e4d3af74,27.64303785602368,76.98424081931687,54.01165050262097,1541.3610708220383,0.0162606105035433,0.0452848475407746,0.0317715591191888,0.9066829828364932
131,b11e3332-6901-4548-8aeb-f943dcab6413,155.97746018594236,121.77039936091498,133.46621916258053,1288.785921290562,0.0917514471682013,0.0716296466828911,0.0785095406838709,0.7581093654650365
132,65dac5d7-a24f-4cc5-8fe0-6be423c0b56a,188.2267752057984,149.17151408865396,132.83360963456497,1229.7681010709828,0.110721632473999,0.0877479494639141,0.078137417432097,0.7233930006299899
133,aa0d0fb6-a567-4499-b7f1-5ef93fb0cd4a,142.8214880709285,157.22895374120404,135.16557995374305,1264.783978234124,0.0840126400417226,0.0924876198477671,0.0795091646786724,0.7439905754318379
134,5c3bd7bb-b2bb-4139-a747-2edf4a46da13,207.65506266065688,34.14190444998718,70.54732044019897,1387.6557124491571,0.1221500368592099,0.0200834732058748,0.0414984237883523,0.8162680661465629
135,49908a7b-72dd-4050-aab5-05b2807f82f8,60.41055320112111,94.25818592087718,21.613657496046145,1523.7176033819558,0.0355356195300712,0.055445991718163,0.0127139161741447,0.8963044725776209
136,5dca1867-c2bf-4e16-893b-57ec828b4951,94.7331451536853,141.7025515419132,95.77743791179893,1367.7868653926027,0.0557253795021678,0.0833544420834783,0.0563396693598817,0.8045805090544721
137,21ae2275-1852-4a8d-b2dc-6ec0b850491a,83.55267626635825,104.1738657594636,91.42938123616211,1420.8440767380162,0.0491486330978577,0.0612787445643903,0.0537819889624483,0.8357906333753036
138,d112b2bd-0447-459e-b875-15fb7e52b51f,113.71341500346873,66.36609629153601,222.1609048515708,1297.7595838534246,0.0668902441196874,0.0390388801714917,0.1306828852068063,0.7633879905020144
139,69bb4bea-49e0-4142-b3d6-7c4fbe1993f7,90.5181685389219,94.7141112803057,192.9616174510417,1321.8061027297308,0.0532459814934834,0.0557141831060621,0.1135068337947304,0.777533001605724
140,f9b8246e-8b80-4955-9560-ada457bad27c,51.40415467321873,27.952414751052856,43.54553036391735,1577.097900211811,0.0302377380430698,0.016442596912384,0.0256150178611278,0.9277046471834184
141,56faa977-e163-444a-9156-e2fa4f7fe338,20.5310583114624,13.73637057840824,12.09820406511426,1653.634367045015,0.0120770931243896,0.0080802179872989,0.0071165906265378,0.9727260982617736
142,da8a1479-69d0-45be-b579-65c7a1dfa21b,19.424943998456,10.564707685261965,11.428265972062944,1658.582082344219,0.0114264376461505,0.006214533932507,0.0067225093953311,0.9756365190260112
143,a20c37f0-5b38-4a7c-bee3-d0d3d116c9e0,19.39093424007297,10.795518383383753,14.617080986499786,1655.1964663900435,0.0114064319059252,0.0063503049314022,0.0085982829332351,0.9736449802294374
144,c0c257a6-ec89-4274-8d2a-38b479f2eece,52.69578453153372,9.986297972500324,45.47329992055893,1591.844617575407,0.0309975203126668,0.0058742929250001,0.0267489999532699,0.936379186809063
145,0ec4dd81-7487-4689-96b9-b0f646a2047d,19.50698159635067,26.6072615981102,44.22314800322056,1609.6626088023186,0.0114746950566768,0.0156513303518295,0.0260136164724826,0.9468603581190108
146,ab43267e-6f46-4c9a-bc6a-ba6240fcb2fb,52.10786424577236,28.13500128686428,45.458031073212624,1574.2991033941507,0.0306516848504543,0.0165500007569789,0.0267400182783603,0.9260582961142064
147,23709b8a-dfbe-4f00-b9a7-644344ee10e2,25.87360804900527,9.969553537666798,37.54359409213066,1626.6132443211973,0.0152197694405913,0.005864443257451,0.022084467113018,0.9568313201889396
148,74579cb8-62f3-4d9e-8f66-6ca76a8ff53a,29.22111600637436,26.23587269335985,13.323223497718573,1631.2197878025472,0.0171888917684555,0.0154328662902116,0.0078371902927756,0.9595410516485572
149,bfcf29cb-db74-40a1-9d27-911985c3f28f,22.154109552502632,9.392499877139926,9.732500091195108,1658.7208904791623,0.0130318291485309,0.0055249999277293,0.0057250000536441,0.9757181708700956
150,defeadd7-5618-448a-bc01-6cf057fbe1ac,35.841285437345505,10.566233936697245,29.596972838044167,1623.995507787913,0.0210831090807914,0.0062154317274689,0.0174099840223789,0.9552914751693606
151,81c548b0-7ef9-4ff0-b4e6-8977a3bb8ae4,49.79843366891146,24.26718724891544,34.39897783100605,1591.535401251167,0.0292931962758302,0.0142748160287737,0.0202346928417682,0.9361972948536276
152,82d46018-8a24-4bb2-92b6-b4626d334344,29.227800481021404,12.390800239518285,32.90291260927916,1625.4784866701812,0.0171928238123655,0.007288706023246,0.0193546544760465,0.956163815688342
153,ea0d2ca6-8818-45f8-b5e3-04858133284a,49.78606216609478,21.11356705427169,27.61511318385601,1601.4852575957775,0.0292859189212322,0.0124197453260421,0.0162441842257976,0.942050151526928
154,a3e0413e-4e1b-4f07-930b-690692b49c03,34.21388976275921,16.00809134542942,35.1210530847311,1614.6569658070805,0.0201258175075054,0.0094165243208408,0.0206594429910182,0.9497982151806356
155,12720234-74cc-4a1a-9cdc-cad646138159,37.738947942852974,9.392499877139926,9.732500091195108,1643.136052088812,0.0221993811428546,0.0055249999277293,0.0057250000536441,0.9665506188757718
156,86790201-b18a-4f73-907d-61e0d3d0c114,38.23610693216324,14.646380580961704,27.962610870599747,1619.1549016162753,0.0224918276071548,0.008615517988801,0.0164485946297645,0.9524440597742796
157,8d373b7d-c3a9-4148-8bcd-46021e36cb01,20.613133907318115,27.36947536468506,34.96015705168247,1617.0572336763144,0.0121253728866577,0.0160996913909912,0.0205647982656955,0.9512101374566556
158,be0d7554-70c4-4a1f-a312-eea5e9ae1e45,42.06967372447252,13.507700432091951,38.02093081176281,1606.4016950316727,0.0247468668967485,0.0079457061365246,0.022365253418684,0.9449421735480428
159,6791de91-caa6-4665-b50a-a0fcbadffcab,40.47092217952013,23.56477277353406,38.08594532310963,1597.8783597238362,0.0238064248114824,0.0138616310432553,0.022403497248888,0.9399284468963742
160,131f3c99-0c3f-430d-880c-effef7248f1f,52.70000230520964,20.530716329813004,11.336402734741569,1615.4328786302358,0.0310000013560056,0.0120768919587135,0.0066684721969068,0.950254634488374
161,3988b456-0f05-4af3-af65-7da9eab0ee6c,52.70000230520964,9.81407300569117,11.26793515868485,1626.2179895304143,0.0310000013560056,0.0057729841209948,0.0066281971521675,0.956598817370832
162,9184744f-b57b-466e-ac26-2628b429fdda,25.406109634786844,28.13500128686428,45.475003495812416,1600.9838855825365,0.014944770373404,0.0165500007569789,0.0267500020563602,0.9417552268132569
163,37300e48-9860-4742-8c2b-0ca12c5d51d1,50.6558133289218,18.661142233759165,14.006110187619925,1616.6769342496991,0.0297975372523069,0.0109771424904465,0.0082388883456587,0.9509864319115876
164,3af12ee2-596f-48b6-8c5b-565269a55562,20.7623883150518,18.55886280536652,29.3781204149127,1631.300628464669,0.0122131695970892,0.0109169781208038,0.0172812473028898,0.959588604979217
165,13a21dba-b25c-4ec6-945b-e13b30d2d50f,29.382917657494545,18.11297256499529,43.007903546094894,1609.4962062314153,0.0172840692102909,0.0106546897441148,0.0252987667918205,0.9467624742537736
166,0799ec06-5d0f-4589-a10c-b9a98c310f5c,22.21345761790872,14.129779301583769,23.28002555295825,1640.3767375275493,0.0130667397752404,0.0083116348832845,0.0136941326782107,0.9649274926632644
167,02bb1532-f5b4-4970-a885-68b4b420114e,46.285829320549965,22.4884076975286,28.822210244834423,1602.403552737087,0.0272269584238529,0.0132284751161932,0.0169542413204908,0.942590325139463
168,4d0ecb5c-939e-4cf3-ad18-c4651703d936,28.81803046911955,9.392499877139926,9.9948198068887,1651.7946498468518,0.0169517826288938,0.0055249999277293,0.005879305768758,0.9716439116746188
169,9cabbf21-c7c6-4d8c-b88f-27e18a59fa8d,19.379998743534088,28.13500128686428,11.89337051473558,1640.591629454866,0.0113999992609024,0.0165500007569789,0.0069961003027856,0.965053899679333
170,5f681f1c-0c9a-4fe9-822f-9b8173449c11,33.593402057886124,20.2401839196682,36.53686344623566,1609.62955057621,0.019760824739933,0.0119059905409812,0.0214922726154327,0.946840912103653
171,7371d32e-f23b-42a1-93d2-565008fc710f,41.865602508187294,28.13500128686428,29.310081899166107,1600.6893143057823,0.024626825004816,0.0165500007569789,0.0172412246465683,0.9415819495916368
172,29583b9e-3026-4b38-b781-e1b63ff2fa04,40.520601347088814,9.392499877139926,36.374713480472565,1613.7121852952987,0.0238356478512287,0.0055249999277293,0.0213968902826309,0.949242461938411
173,d298bae0-5f86-4a29-b399-111644195748,19.379998743534088,28.13500128686428,45.475003495812416,1607.0099964737892,0.0113999992609024,0.0165500007569789,0.0267500020563602,0.9452999979257584
174,c1a8b4e0-1bd4-4ea2-9cb4-f3a5e09fb320,31.735023111104965,13.527698442339895,16.593190282583237,1638.144088163972,0.0186676606535911,0.0079574696719646,0.0097607001662254,0.9636141695082188
175,21d4f4ac-db02-41f9-b1ad-00c2e61fc894,52.70000230520964,28.13500128686428,45.475003495812416,1573.6899929121137,0.0310000013560056,0.0165500007569789,0.0267500020563602,0.9256999958306552
176,3f24b844-1e01-4b2d-976d-9083d8131fe3,25.49308380112052,13.312870636582376,38.00649791955948,1623.1875476427376,0.0149959316477179,0.0078311003744602,0.0223567634820938,0.954816204495728
177,1e26acd9-0b68-4941-96c0-f56653643d27,23.959984816610813,21.881725918501616,28.99543661624193,1625.1628526486456,0.0140941087156534,0.0128716034814715,0.0170561391860246,0.9559781486168504
178,1af462f0-d499-436c-bf10-135830a958c5,41.126833483576775,22.43086453527212,44.40748877823353,1592.0348132029176,0.0241922549903392,0.0131946261972188,0.0261220522224903,0.9364910665899516
179,d027691b-6a39-43f7-8527-56dd93433485,29.06423509120941,20.21874515339732,26.666750572621822,1624.0502691827714,0.017096608877182,0.0118933795019984,0.0156863238662481,0.9553236877545714
180,97eb1065-a266-4bf0-8d3d-70c6c45e135d,16.99999962002039,59.88666117191315,177.90010794997215,1445.2132312580943,0.0099999997764825,0.0352274477481842,0.104647122323513,0.8501254301518202
181,e7968010-0689-42a7-8797-2a3e9b7ae66c,128.72355207800865,59.97693799436093,253.6256492137909,1257.6738607138395,0.0757197365164756,0.0352805517613887,0.1491915583610534,0.7398081533610821
182,fd6bad8e-aedb-430a-a5bd-e667c317cbb5,16.99999962002039,8.499999810010195,243.6052575707436,1430.894742999226,0.0099999997764825,0.0049999998882412,0.1432972103357315,0.8417027899995446
183,9d522d04-006c-4226-847e-27f987ea389d,217.16891080141068,125.96806660294531,120.62704786658288,1236.2359747290611,0.1277464181184768,0.0740988627076148,0.0709570869803428,0.7271976321935654
184,9f62f2c7-89e5-4122-8d6c-f876026d5975,72.11060523986816,81.8267472088337,74.42644163966179,1471.6362059116364,0.0424180030822753,0.0481333807110786,0.0437802597880363,0.8656683564186096
185,46a44e80-dbc4-4e33-906e-dcfc99b242f2,248.1955885887146,102.8377704322338,211.9598463177681,1137.0067946612835,0.145997405052185,0.0604928061366081,0.1246822625398635,0.6688275262713432
186,23754685-93a7-40a9-aefd-34d561daf1a9,149.00681301951408,65.51895327866077,22.988699935376644,1462.4855337664485,0.0876510664820671,0.0385405607521534,0.0135227646678686,0.8602856080979109
187,c8a04429-83dd-4779-a587-8e58a018413f,225.2060368657112,8.499999810010195,199.48635697364807,1266.8076063506303,0.1324741393327713,0.0049999998882412,0.1173449158668518,0.7451809449121356
188,326de561-5b2e-46d0-a192-b9bff6174040,16.99999962002039,186.99999898672104,102.63076387345792,1393.369237519801,0.0099999997764825,0.1099999994039535,0.0603710375726223,0.8196289632469416
189,ee49095a-c041-4633-b695-6863ffcee3fa,81.91134333610535,138.4432278573513,146.0335485637188,1333.6118802428246,0.0481831431388855,0.0814371928572654,0.0859020873904228,0.7844775766134262
190,80a0d61f-b6eb-4ce7-87e3-fa6ae0e37e4c,149.5167963206768,64.15368020534515,95.68599686026572,1390.6435266137123,0.0879510566592216,0.0377374589443206,0.0562858805060386,0.818025603890419
191,0b01d93a-fb4d-400b-aff8-0a7d907a56c8,16.99999962002039,39.89885970950127,118.0612102150917,1525.0399304553866,0.0099999997764825,0.0234699174761772,0.0694477707147598,0.8970823120325804
192,61d40454-5d5c-4663-a704-f6f59478e7b9,107.24771246314047,95.05521170794964,47.830573096871376,1449.8665027320385,0.0630868896842002,0.0559148304164409,0.0281356312334537,0.852862648665905
193,ff80ecc0-2e1e-4fbd-ae0a-edeb9a9ff1dd,126.79076045751572,32.99810383468866,255.0000101327896,1285.211125575006,0.0745828002691268,0.0194106493145227,0.1500000059604644,0.7560065444558859
194,a6621988-f817-478a-9202-f2eda1c99aef,210.6174036860466,16.818312369287014,78.0192881822586,1394.5449957624078,0.1238925904035568,0.00989312492311,0.0458936989307403,0.8203205857425928
195,7f042b90-a311-4af9-bb43-69e8c874b62c,16.99999962002039,49.94999803602696,92.8689420223236,1540.181060321629,0.0099999997764825,0.0293823517858982,0.0546287894248962,0.905988859012723
196,a53538a9-2e62-41df-ab0b-de034c8bd0aa,16.99999962002039,21.387521270662543,165.74426889419556,1495.8682102151215,0.0099999997764825,0.0125808948650956,0.0974966287612915,0.8799224765971303
197,1a084599-bbe6-4de7-89ef-9791617c5e9f,16.99999962002039,26.97398941963911,130.2166186273098,1525.8093923330307,0.0099999997764825,0.0158670525997877,0.076598010957241,0.8975349366664886
198,d8a17275-4162-4633-bb9d-09d514ab7cb9,16.99999962002039,33.144234493374825,144.48124319314957,1505.3745226934552,0.0099999997764825,0.0194966085255146,0.0849889665842056,0.8855144251137972
199,4cc6ca70-fd71-4099-a5dc-4f04f5a0558e,221.8213304877281,38.78817930817604,147.08373621106148,1292.3067539930344,0.1304831355810165,0.0228165760636329,0.0865198448300361,0.7601804435253143
0,c563cb4d-d727-437f-9a6a-fef3eccbbe50,222.617091312306,399.058218456991,590.7501289171865,487.5745613135164,0.0459478000644594,0.0823649573698639,0.1219298511696979,0.286808565478539
1,3ef8b92f-f2eb-4134-ad6c-ae3329408457,424.5784249889665,225.5927443709923,374.5985863043229,675.2302443357185,0.0876322858594358,0.0465619699424132,0.0773165296809747,0.397194261373952
2,0507cf19-673b-4d6b-922e-c21f718ad4fe,290.225034005614,259.03940542596393,534.5883983297507,616.1471622386716,0.0599019678030162,0.0534653055574744,0.1103381627099588,0.3624395071992185
3,82fc5e1c-5d6e-4ecd-82c3-eb912535a0d7,87.22124142413959,134.097490528808,46.585716958134434,1432.095551088918,0.0180023202113807,0.0276775006251409,0.0096152150584384,0.8424091476993635
4,9964ab9f-5b01-4ae2-b492-a1be55ce083f,44.19831236132887,353.3115894668503,274.4476301724789,1028.042467999342,0.0091224586917087,0.0729229286825284,0.056645537703298,0.6047308635290247
5,d263a9a8-70c2-49a4-badb-03a72fa16632,362.0149456667947,39.59905222188682,668.9746479810449,629.4113541302736,0.0747192870313301,0.0081731789931654,0.1380752627411857,0.370241973017808
6,586ae478-4dab-4d7d-9382-ab359a49387a,467.8572641851148,437.60802490955695,146.75878243159968,647.7759284737285,0.0965649668080732,0.0903215737687424,0.0302907703677192,0.3810446638080756
7,7386215f-7150-48a6-b35f-96cbe5b743cf,150.57127123244572,186.8166870817076,456.38598860751375,906.226053078333,0.0310776617610827,0.0385586557444184,0.094197314470075,0.5330741488696076
8,d408858a-bbae-4227-8e64-6c368a1f3398,171.12099202636165,296.2208037767094,158.4770501611987,1074.1811540357303,0.0353190902015194,0.0611394847836345,0.0327094014780595,0.6318712670798413
9,0c042bd5-e5ed-4460-9bb9-d8556dba293c,429.27186186129694,97.50683986677323,378.8307076422265,794.3905906297033,0.0886010034801438,0.020125250746496,0.0781900325370952,0.4672885827233549
10,8fbd8649-0d61-4edc-9fe3-1ca354becc5a,333.6268459009706,379.5761234605685,220.12725731113457,766.6697733273263,0.0688600301137194,0.0783438851311802,0.0454339024377986,0.4509822196043096
11,d4ebf798-d856-406f-9732-f11da412170b,76.23849304842297,243.8114519242896,701.3551004259148,678.5949546013726,0.0157354990812018,0.0503222810989245,0.1447585346596315,0.3991735027066898
12,e44ddf37-b7d0-420b-bf6c-02535ca6803a,119.51381976767443,456.1075797247002,478.9608943925472,645.4177061150781,0.0246674550604075,0.0941398513363674,0.0988567377487197,0.37965747418534
13,238ebc43-fbc1-4049-b506-1dc041dedb42,261.5845365833491,167.5031772590708,80.23176171581727,1190.6805244417628,0.0539906164258718,0.0345723792072385,0.0165597031405195,0.7004003084951546
14,8aacf82b-9869-48dd-ad8a-85eaca6ce824,386.2454203215893,317.0017860666616,601.1612655709265,395.5915280408226,0.07972041699104,0.0654286452149972,0.1240786925842985,0.2327008988475427
15,a635324c-8eea-4566-af05-e39d8101ef91,242.9144144497812,76.94903574641795,298.3088976518483,1081.8276521519524,0.0501371340453624,0.0158821539208292,0.0615704639116302,0.6363692071482073
16,08f1d123-975c-4dca-b962-6134f27e4ddc,233.761093841563,332.3775319419801,403.813002227596,730.0483719888608,0.0482479037856683,0.0686021737754345,0.0833463368890806,0.4294402188169769
17,d91aa15e-1296-4485-94d0-0cf924b116de,377.4185705950717,61.77061957146507,187.66130258815824,1073.1495072453054,0.0778985697822645,0.0127493538847193,0.0387329829903319,0.6312644160266501
18,1537344f-106d-4cb9-b1de-3262334f8665,270.87481807067525,472.8669037097599,720.8596485980088,235.398629621556,0.0559081151848658,0.0975989481341093,0.1487842411966994,0.138469782130327
19,7c2bc3ea-ff76-42ba-88f9-86fb14a0f437,128.20372404700612,150.09839427808765,232.856789262942,1188.8410924119642,0.0264610369550064,0.0309800607385113,0.0480612568138167,0.6993182896540966
20,1ec7142f-1f4f-44ee-965b-da3a052e0b2a,56.18598234909588,391.16478053096216,109.43744303591085,1143.2117940840312,0.0115966939833015,0.080735764815472,0.0225877075409516,0.6724775259317831
21,13735048-3ac7-447e-8bca-7af4fda689cb,314.1255497356877,232.02369562648232,503.96463880792726,649.8861158299027,0.0648349947854876,0.0478893076628446,0.1040174693102017,0.382285950488178
22,f041b533-6c1d-4be3-aa7b-01521b804bf8,449.2365880727304,310.0217811748618,311.0598794336664,629.6817513187416,0.0927216900046915,0.0639879837306216,0.0642022454971447,0.370401030187495
23,1c5c16fb-5f52-451d-a370-36a6418ab246,190.71008468214424,84.3495519374963,620.6872426361543,804.2531207442051,0.0393622465804219,0.0174096082430332,0.1281088220095261,0.473090071026003
24,0a4b4bec-376d-4106-853e-53c50b36e515,159.85013909884728,449.1710024045316,344.7066779189045,746.2721805777167,0.0329928047675639,0.0927081532310694,0.0711468891473487,0.438983635633951
25,ee885bbe-4e05-426d-9772-0e1e3293e727,476.5568245609291,175.0032529231394,565.0604924265062,483.3794300894251,0.0983605417050421,0.0361203824402764,0.1166275526164099,0.2843408412290736
26,da675871-7139-4a31-8e76-317fb87385fa,352.88006020397887,367.14307320266965,33.14850811099168,946.8283584823598,0.0728338617552071,0.0757777240872383,0.0068417973397299,0.5569578579307999
27,9f769eed-2173-4aa3-b71b-60f6488e526f,35.3547815845348,26.472272344934755,514.3765291892225,1123.7964168813078,0.0072971685416996,0.0054638333013281,0.1061664662929251,0.661056715812534
28,c62bf89a-0e46-4e1c-9e83-89c38787a58e,107.17631153909024,274.44258668648547,643.306461320375,675.0746404540492,0.0221210137335583,0.0566444967361167,0.1327773913973942,0.3971027296788525
29,77c8bfe5-d105-433e-8fcc-12675094a30e,309.8255402823212,118.9465080244001,244.57715068019456,1026.6508010130842,0.0639474799344316,0.0245503628533333,0.0504803200578317,0.6039122358900495
30,fa064c37-87e6-4f7f-9189-02b4ddf6dd6e,404.54259533991575,415.7887919141679,436.1955483601196,443.4730643857968,0.0834969237027689,0.0858181201061234,0.0900300409412011,0.2608665084622334
31,4808d774-6c9b-4436-86ed-5355d9731910,203.09736000162084,208.15920914746812,133.34302341446747,1155.4004074364434,0.0419189597526565,0.0429637170583009,0.0275217798585072,0.6796472984920255
32,7c4d74ad-5362-4981-b7a5-52fee1cd2e48,100.4468671604991,431.84051390737295,39.87605467904359,1127.8365642530844,0.0207320675253868,0.0891311690211296,0.0082303518429398,0.6634332730900496
33,2b778460-0ea0-4134-8256-cc0950b1838f,47.74360043462366,169.6273609623313,480.552178658545,1002.0768599445,0.0098542002961039,0.0350108072161674,0.0991851761937141,0.5894569764379411
34,e73de4ac-ae2f-40ac-adc9-6f4acfbb4678,297.6840842887759,187.2605788707733,659.4098865240812,555.6454503163695,0.0614415034651756,0.0386502742767333,0.1361011117696762,0.3268502648919821
35,6e8ce412-9cdc-41b3-b8ae-fa08acb207cf,165.1192002184689,457.3387777805328,723.9936529844999,353.5483690164983,0.0340803302824497,0.0943939685821533,0.1494310945272445,0.2079696288332343
36,ec102405-f168-46a3-935d-2d24fdaa5b1f,83.489946462214,282.27835150435567,27.288292364683,1306.943409668747,0.0172321870923042,0.0582617856562137,0.0056322584860026,0.7687902409816161
37,7bf7296f-8eae-4228-a615-3d7b8c142d89,74.11083492916077,34.51371449511498,48.6894689546898,1542.6859816210344,0.0152963539585471,0.0071235736832022,0.01004942599684,0.9074623421300204
38,7d38b9e2-e3d3-494a-b43a-2997b6d7bf4c,91.4564370084554,456.3181411474943,63.35978492628783,1088.8656369177625,0.0188764575868845,0.0941833108663559,0.0130773549899458,0.6405091981869191
39,2252e0ad-3f6b-4234-9603-2420244f1080,230.24638691917065,172.91318714618683,526.7677345499396,770.0726913847029,0.0475224740803241,0.0356889963150024,0.1087239906191825,0.4529839361086488
40,bf8528f0-4b3a-429d-bb11-da3c7d2c66f7,447.4709390848875,365.8460712432861,91.42867759801447,795.2543120738119,0.092357262969017,0.075510025024414,0.0188707280904054,0.4677966541610658
41,4c109404-def8-474c-a617-783ec03ec895,43.53861378505826,94.8028989136219,335.0812804698944,1226.5772068314254,0.008986297994852,0.0195671617984771,0.0691602230072021,0.7215160040184856
42,9cff952d-2d28-47b2-bb0b-d49602fd36d2,90.61411578208208,189.66415034607053,250.6254581362009,1169.0962757356465,0.0187026038765907,0.0391463674604892,0.051728680729866,0.6877036916092039
43,60e54cc2-4d8e-4d0e-aab8-390bef44dcf8,228.6840627528727,270.37719916552305,470.888257920742,730.0504801608622,0.0472000129520893,0.0558054074645042,0.0971905589103698,0.4294414589181542
44,bde1a208-9fee-499e-843b-7866aa600a77,24.22499945852905,484.5000072196126,666.3487283885479,524.9262649333104,0.0049999998882412,0.1000000014901161,0.1375332772731781,0.3087801558431238
45,8f8ed9a5-2ea3-440f-93bf-01d9f6cbc33d,484.5000072196126,24.22499945852905,273.7314492277801,917.5435440940782,0.1000000014901161,0.0049999998882412,0.0564977191388607,0.5397314965259283
46,f93ed4f1-94fb-4806-835e-4975da39c452,135.70741899311545,373.3526634424925,489.2200816422701,701.719835922122,0.0280097872018814,0.0770593732595443,0.100974217057228,0.4127763740718365
47,99049d8c-98af-4240-ad63-7784477d7c02,379.92113918066025,133.90525929629803,221.6841610148549,964.4894405081868,0.0784150958061218,0.0276378244161605,0.0457552447915077,0.5673467297106981
48,a35e929b-49fd-4bed-a211-70524348fe8e,24.22499945852905,212.3248898796737,226.7514807544649,1236.6986299073324,0.0049999998882412,0.0438235066831111,0.0468011312186718,0.7274697822984308
49,069a5c5d-4bfd-419e-a96e-36215855466d,211.6662085242569,484.5000072196126,538.1404653936625,465.693318862468,0.0436875559389591,0.1000000014901161,0.111071303486824,0.2739372463896871
50,627048de-ccfc-4b9e-998f-c83de2ac353f,199.5755955018103,135.11364195495844,701.939108222723,663.3716543205082,0.0411920733749866,0.0278872326016426,0.1448790729045868,0.3902186201885342
51,9f8223fc-c3be-4ca7-b9c9-55fa9c4daa60,484.5000072196126,246.97722544893625,63.18333759438247,905.3394297370688,0.1000000014901161,0.0509756915271282,0.0130409365519881,0.5325526057276876
52,89da42c0-d6c2-4797-816d-122cf69c896e,73.55980702210218,123.31177733838558,423.3607901260257,1079.7676255134866,0.0151826227083802,0.0254513472318649,0.0873809680342674,0.6351574267726392
53,85960d22-ab40-4cb4-a325-6b021a6be6bb,107.03559391200542,378.0311167985201,636.6902710497379,578.2430182397366,0.0220919698476791,0.078024998307228,0.1314118206501007,0.3401429519057274
54,de29a3a6-f8a1-4a5c-91ac-5619a023658a,64.35041955672204,127.04698830842972,24.22499945852905,1484.3775926763192,0.0132818203419446,0.026222288608551,0.0049999998882412,0.8731632898095996
55,51399e9b-be16-4017-b11e-6ed648524864,305.82564141601324,324.33586176484823,487.65609696507454,582.182399854064,0.0631219074130058,0.066942386329174,0.1006514132022857,0.3424602352082729
56,fe1c667e-1c75-4505-ae6f-3ac9ff380abd,294.86646803095937,301.9284223392606,24.22499945852905,1078.980110171251,0.060859952121973,0.0623175278306007,0.0049999998882412,0.634694182453677
57,b95e9e19-0e75-49cc-a3c0-5a04ecc43d6b,266.7179565690458,60.54752471856773,163.4152453020215,1209.319273410365,0.0550501458346843,0.0124969091266393,0.0337286368012428,0.7113642784766853
58,2402a10c-a5e0-47a1-80cf-13579864101f,320.99859584122896,294.60847517475486,636.863397359848,447.52953162416816,0.0662535801529884,0.0608067028224468,0.1314475536346435,0.2632526656612753
59,02cf2067-1f41-45ff-b934-d79933ce0d9d,24.22499945852905,484.5000072196126,183.83526977151632,1007.439723550342,0.0049999998882412,0.1000000014901161,0.0379432961344718,0.5926116020884364
60,5a500297-11d3-44b0-b7d9-98b6753df47b,86.16150995716453,121.0158863849938,24.22499945852905,1468.5976041993126,0.0177835933864116,0.0249774791300296,0.0049999998882412,0.8638809436466545
61,ae77b287-f241-4b36-8915-b9eaac29d424,356.5455858036876,135.2019378170371,194.0156996436417,1014.2367767356336,0.0735904201865196,0.0279054567217826,0.0400445200502872,0.5966098686680198
62,0bfe570a-c73d-4628-95a0-2a6d5b319df9,327.643382884562,423.32617208361626,726.7500288784504,222.28041615337133,0.0676250532269477,0.0873738229274749,0.1500000059604644,0.1307531859725713
63,13baad0b-f873-4239-ba58-eebe0789cecb,484.5000072196126,369.9903093650937,726.7500288784504,118.7596545368433,0.1000000014901161,0.0763653889298439,0.1500000059604644,0.0698586203157901
64,c7368ca4-ab47-4788-9336-d8dc80ee8273,359.0619817748666,264.69074349850416,24.22499945852905,1052.0222752681002,0.0741098001599311,0.054631732404232,0.0049999998882412,0.6188366325106471
65,c51cf7d2-8b37-4a2a-a800-0e628289334c,24.22499945852905,226.0181305557489,215.5790219642222,1234.1778480214998,0.0049999998882412,0.0466497689485549,0.044495154172182,0.7259869694244117
66,b8ffa852-0645-4ddb-b587-7c24d2cc1dbf,24.22499945852905,122.22598370164631,726.7500288784504,826.7989879613742,0.0049999998882412,0.02522724121809,0.1500000059604644,0.4863523458596319
67,a01ce3b0-5fd4-4078-8821-881fd5338ce8,400.3678401187062,391.0864144563675,726.7500288784504,181.7957165464759,0.082635261118412,0.0807195901870727,0.1500000059604644,0.1069386567920446
68,48da5aa2-9f93-4512-843c-098b23a1880b,484.5000072196126,184.0612616948784,24.22499945852905,1007.21373162698,0.1000000014901161,0.0379899404942989,0.0049999998882412,0.5924786656629294
69,331fe194-adb0-47d4-a81b-e16511d87d9b,484.5000072196126,66.24482334125787,726.7500288784504,422.5051405606792,0.1000000014901161,0.0136728221550583,0.1500000059604644,0.2485324356239289
70,2cf0de63-e0fd-4c8c-ae3a-073ff1f6e3d2,312.73560483008623,116.7338258586824,726.7500288784504,543.780540432781,0.0645481124520301,0.0240936689078807,0.1500000059604644,0.31987090613693
71,700ad869-4932-42ae-83f4-3b50b7318c9b,484.5000072196126,254.89905366674063,726.7500288784504,233.85091023519635,0.1000000014901161,0.0526107437908649,0.1500000059604644,0.1375593589618802
72,f0760849-19ea-4064-b5ae-e45aa981996e,320.7430937513709,157.00063755735755,148.35060311481357,1073.905665576458,0.0662008449435234,0.0324046723544597,0.0306193195283412,0.6317092150449752
73,f3cbf509-261b-412c-b083-ea00cf8edf39,103.10059821233152,134.48934400454164,441.6762253269553,1020.7338324561716,0.0212797932326793,0.0277583785355091,0.0911612436175346,0.6004316661506892
74,8331bed0-257f-42ce-b6e0-439b92c237c6,78.93330601975322,135.3522682003677,465.92011760920286,1019.7943081706762,0.0162917040288448,0.0279364846646785,0.0961651429533958,0.5998790048062801
75,bd07bf5f-b860-4d60-bb06-8bcf078973cd,88.50470742210746,321.64680875837803,528.5033655166626,761.3451183028519,0.0182672254741191,0.0663873702287674,0.1090822219848632,0.4478500695899129
76,d25c4916-b521-497c-b864-cf91a0aea475,48.22832071222365,98.03432531654836,627.9840680211782,925.7532859500498,0.0099542457610368,0.0202341228723526,0.1296148747205734,0.5445607564412057
77,311ef7f0-67f0-44f1-8b30-14f89070d209,484.5000072196126,315.6981006637216,462.90553227066994,436.8963598459959,0.1000000014901161,0.0651595667004585,0.0955429375171661,0.2569978587329388
78,a5099251-1d47-4f19-829a-651f742dde01,160.8691225759685,218.11985632404685,80.63930047675967,1240.371720623225,0.0332031212747097,0.0450195781886577,0.0166438184678554,0.7296304238960147
79,9c7c4090-d1a8-42e9-9f48-29ea62098dff,403.8865710049868,440.83246920257807,155.3671821579337,699.9137776345015,0.0833615213632583,0.0909870937466621,0.0320675298571586,0.4117139868438244
80,9b4974c6-3261-4669-87d4-17f776c3fbc9,36.462450376711786,91.52810068801044,212.49736642464995,1359.5120825106278,0.0075257895514369,0.0188912488520145,0.0438591055572032,0.799712989712134
81,6294633a-9219-4287-8b6b-86d972f53cc8,425.6985367834568,303.7835378944874,162.0934966765344,808.4244286455214,0.0878634750843048,0.0627004206180572,0.0334558300673961,0.475543781556189
82,53e0a69a-3439-46a5-b7c5-1d465bd2a730,193.62405370920897,372.4304662272334,305.57259399443865,828.372886069119,0.0399636849761009,0.0768690332770347,0.0630696788430213,0.4872781682759523
83,bc33bc62-9792-4894-8fff-da8a5156f537,330.5220590159297,420.1837996020913,726.7500288784504,222.5441125035286,0.06821920722723,0.0867252424359321,0.1500000059604644,0.1309083014726638
84,efcb2745-ba00-4f60-9076-a138682a6ac8,345.37384897470474,118.01545148715375,726.7500288784504,509.8606706596911,0.0712845921516418,0.0243581943213939,0.1500000059604644,0.2999180415645242
85,b4077fed-d5e9-487d-a822-df6ec0675b8c,24.22499945852905,204.1562231071293,24.22499945852905,1447.3937779758126,0.0049999998882412,0.0421375073492526,0.0049999998882412,0.8514081046916544
86,bc3068c4-66c5-4321-8b6a-c1c49c486042,402.42391359061,365.5673941969872,510.4644775763154,421.5442146360874,0.0830596312880516,0.0754525065422058,0.105359025299549,0.2479671850800514
87,6835f124-f5d6-43aa-a279-afcb239638af,387.9629212617874,391.02533653378487,726.7500288784504,194.26171332597733,0.0800749063491821,0.0807069838047027,0.1500000059604644,0.1142715960741043
88,f33b86ef-abb4-4015-a39e-7a1447404af8,484.5000072196126,249.62871842086315,726.7500288784504,239.12124548107383,0.1000000014901161,0.0515229552984237,0.1500000059604644,0.1406595561653375
89,0c9a7a98-4035-453d-ac5c-c95edc1c0de6,203.89276139438152,342.4068047851324,24.22499945852905,1129.475434361957,0.042083129286766,0.0706721991300582,0.0049999998882412,0.6643973143305629
90,76682cac-1ccd-4f9e-ac77-90854e231547,484.5000072196126,369.3262133002281,726.7500288784504,119.42375060170887,0.1000000014901161,0.0762283205986023,0.1500000059604644,0.0702492650598287
91,e6581805-cb63-4d4a-a6b8-1cf24627d842,24.22499945852905,421.1349474638701,431.6381120681762,823.0019410094246,0.0049999998882412,0.0869215577840805,0.0890893936157226,0.4841187888290733
